Season,Week,PID,Player,Pos,Team,Opp,aFPA,FFPts,Comp,Pass Att,Pass Yds,Pass TD,INT,Rush Att,Rush Yds,Rush TD,Rec,Rec Yds,Rec TD,Pa1D,Ru1D,Rec1D,Fum,XP,FG,Grade
2017,15,wilsor1,Russell Wilson,QB,SEA,LAR,11.6,22.4,22,36.1,268.8,1.8,0.7,7.7,45.8,0.3,0,0,0,12.8,3,0,0.3,0,0,A-Game
2017,15,bradyt1,Tom Brady,QB,NE,@PIT,16.2,19.8,24.5,38.1,299,2.1,0.4,1.2,3.3,0,0,0,0,14.3,0.2,0,0.2,0,0,A-Game
2017,15,newtoc1,Cam Newton,QB,CAR,GB,20.3,19.7,20.7,32.2,236.9,1.5,0.8,7.9,43.3,0.4,0,0,0,11.5,2.8,0,0.3,0,0,A-Game
2017,15,breesd1,Drew Brees,QB,NO,NYJ,21,19.3,22.9,34.6,287.4,2.1,0.6,0.4,1.4,0.1,0,0,0,13.6,0.1,0,0.2,0,0,A-Game
2017,15,roethb1,Ben Roethlisberger,QB,PIT,NE,15.3,18.7,24.7,39.1,293.7,2.3,1,1,3.2,0,0,0,0,14.1,0.2,0,0.2,0,0,A-Game
2017,15,prescd1,Dak Prescott,QB,DAL,@OAK,18.1,18,21.5,32.6,242,1.6,0.8,3.9,21.7,0.3,0,0,0,11.8,1.4,0,0.2,0,0,A-Game
2017,15,riverp1,Philip Rivers,QB,LAC,@KC,20.8,17.6,21.6,36,272.7,2.2,0.9,0.7,2.5,0,0,0,0,12.9,0.2,0,0.2,0,0,A-Game
2017,15,staffm1,Matthew Stafford,QB,DET,CHI,11,17.6,23.7,36.2,269.9,1.8,0.8,1.8,9.1,0.2,0,0,0,13.1,0.6,0,0.3,0,0,A-Game
2017,15,rodgea1,Aaron Rodgers,QB,GB,@CAR,14.6,17.4,21.9,34.8,260.7,1.5,0.4,2.4,13.8,0.1,0,0,0,12.5,0.9,0,0.2,0,0,A-Game
2017,15,keenuc1,Case Keenum,QB,MIN,CIN,18.7,17.3,21.1,33,259.6,1.7,0.7,2.9,12.5,0.1,0,0,0,12.4,0.8,0,0.2,0,0,A-Game
2017,15,ryanm1,Matt Ryan,QB,ATL,@TB,15.3,17.2,23.6,35.1,274.7,1.9,0.8,2.4,8.6,0,0,0,0,13.3,0.6,0,0.2,0,0,A-Game
2017,15,cousik1,Kirk Cousins,QB,WAS,ARI,16.2,17.1,21.9,35,251.8,1.7,0.9,3.4,10.4,0.3,0,0,0,12.2,0.7,0,0.3,0,0,A-Game
2017,15,bortlb1,Blake Bortles,QB,JAX,HOU,20.5,17.1,18.7,30.2,229.9,1.5,0.6,4.2,26.6,0.2,0,0,0,10.9,1.7,0,0.3,0,0,A-Game
2017,15,smitha4,Alex Smith,QB,KC,LAC,11.3,16.8,22.1,34.7,245.3,1.6,1,4.9,23.9,0.1,0,0,0,12,1.6,0,0.2,0,0,A-Game
2017,15,winstj1,Jameis Winston,QB,TB,ATL,15.8,15.5,23.5,37.2,259,1.6,1,2.4,9.4,0.1,0,0,0,12.7,0.6,0,0.3,0,0,B-Game
2017,15,goffj1,Jared Goff,QB,LAR,@SEA,14.9,15.5,21.1,35.1,258.1,1.6,1,1.7,5.7,0.1,0,0,0,12.3,0.4,0,0.3,0,0,B-Game
2017,15,garopj1,Jimmy Garoppolo,QB,SF,TEN,13.6,15.3,21.5,36.2,260.3,1.6,0.9,1.1,3,0.1,0,0,0,12.4,0.2,0,0.2,0,0,B-Game
2017,15,folesn1,Nick Foles,QB,PHI,@NYG,19.5,15.3,19.8,31.9,235.4,1.6,0.7,2.7,8.3,0.1,0,0,0,11.3,0.5,0,0.2,0,0,B-Game
2017,15,mariom1,Marcus Mariota,QB,TEN,@SF,19.6,15.1,19.9,32.3,227.9,1.3,0.9,3.3,17.6,0.2,0,0,0,11,1.1,0,0.3,0,0,B-Game
2017,15,carrd2,Derek Carr,QB,OAK,DAL,15.4,14.9,23.1,36,248.3,1.5,0.5,1.1,3.1,0,0,0,0,12.2,0.2,0,0.3,0,0,B-Game
2017,15,gabbeb1,Blaine Gabbert,QB,ARI,@WAS,15.8,14.4,21.2,35.5,242.4,1.4,1.2,4.6,16.6,0.1,0,0,0,11.7,1.1,0,0.3,0,0,B-Game
2017,15,siemit1,Trevor Siemian,QB,DEN,@IND,16.3,14.3,19.6,33.1,228.2,1.3,0.8,4.1,14,0.1,0,0,0,11,0.9,0,0.3,0,0,B-Game
2017,15,flaccj1,Joe Flacco,QB,BAL,@CLE,17,13.9,21.1,31.9,232.7,1.4,0.7,1.6,4.1,0.1,0,0,0,11.4,0.3,0,0.3,0,0,C-Game
2017,15,kizerd1,DeShone Kizer,QB,CLE,BAL,10.7,13.8,18.4,33.1,209.5,1.1,1.1,6.8,29,0.2,0,0,0,10.2,1.9,0,0.4,0,0,C-Game
2017,15,taylot2,Tyrod Taylor,QB,BUF,MIA,16.9,13.4,17.7,29.1,190.3,1,0.8,4,22.5,0.3,0,0,0,9.4,1.5,0,0.3,0,0,C-Game
2017,15,trubim1,Mitch Trubisky,QB,CHI,@DET,19.6,13.4,19.1,31.4,211.6,1.1,1,4.8,23.6,0.1,0,0,0,10.3,1.5,0,0.3,0,0,C-Game
2017,15,brissj1,Jacoby Brissett,QB,IND,DEN,14.1,13.2,18.6,31.6,208.2,1.1,1.1,3.8,17.3,0.2,0,0,0,10.1,1.1,0,0.3,0,0,C-Game
2017,15,daltoa1,Andy Dalton,QB,CIN,@MIN,12.8,11.4,19.6,33.8,212.2,1.1,1.1,3.2,11.5,0.1,0,0,0,10.4,0.7,0,0.3,0,0,C-Game
2017,15,mannie1,Eli Manning,QB,NYG,PHI,12.5,10.2,20.8,35.2,210.1,1,1.1,0.8,2.2,0,0,0,0,10.5,0.1,0,0.3,0,0,C-Game
2017,15,cutlej1,Jay Cutler,QB,MIA,@BUF,13.7,10,20.3,32.7,203,1,1,1.1,2.7,0,0,0,0,10.2,0.2,0,0.3,0,0,C-Game
2017,15,pettyb1,Bryce Petty,QB,NYJ,@NO,14.9,10,21,34.3,216.8,1,1.4,1.4,6.2,0,0,0,0,10.8,0.4,0,0.3,0,0,C-Game
2017,15,yatest1,T.J. Yates,QB,HOU,@JAX,9.7,9.9,17.9,32.3,195.1,0.9,1.1,1.3,11,0,0,0,0,9.6,0.7,0,0.3,0,0,C-Game
2017,15,belll1,LeVeon Bell,RB,PIT,NE,16.9,24,0,0,0,0,0,19.9,90.6,0.5,6.1,52.9,0.2,0,4.5,2.4,0.2,0,0,A-Game
2017,15,kamara1,Alvin Kamara,RB,NO,NYJ,15,22.2,0,0,0,0,0,15,59,0.5,5.2,57.5,0.4,0,3,2.6,0.1,0,0,A-Game
2017,15,gurlet2,Todd Gurley,RB,LAR,@SEA,14.1,21.2,0,0,0,0,0,18.2,77.5,0.6,4.1,45.2,0.3,0,3.9,2.1,0.2,0,0,A-Game
2017,15,fournl1,Leonard Fournette,RB,JAX,HOU,19,18.7,0,0,0,0,0,21.8,88.3,0.8,2.6,20.7,0.1,0,4.4,0.9,0.2,0,0,A-Game
2017,15,mccoyl2,LeSean McCoy,RB,BUF,MIA,19.5,17.6,0,0,0,0,0,18.2,87.3,0.5,3.5,23.8,0.1,0,4.4,1.1,0.2,0,0,A-Game
2017,15,ingram1,Mark Ingram,RB,NO,NYJ,15,17.5,0,0,0,0,0,14.2,75.4,0.7,3.1,23,0.1,0,3.8,1.1,0.1,0,0,A-Game
2017,15,drakek1,Kenyan Drake,RB,MIA,@BUF,25.2,17.3,0,0,0,0,0,23.9,96.1,0.5,3,17.3,0.1,0,4.8,0.8,0.2,0,0,A-Game
2017,15,huntk1,Kareem Hunt,RB,KC,LAC,15.7,17,0,0,0,0,0,19.2,76.1,0.5,3.1,27,0.1,0,3.8,1.2,0.2,0,0,A-Game
2017,15,bernag1,Giovani Bernard,RB,CIN,@MIN,14.8,16.6,0,0,0,0,0,16.9,68.1,0.3,4.1,38.2,0.1,0,3.4,1.7,0.2,0,0,A-Game
2017,15,willij10,Jamaal Williams,RB,GB,@CAR,14.4,16.1,0,0,0,0,0,17.1,70.1,0.4,3.6,30,0.1,0,3.5,1.4,0.2,0,0,A-Game
2017,15,gordom1,Melvin Gordon,RB,LAC,@KC,19,16.1,0,0,0,0,0,18.8,87.4,0.3,2.7,21.8,0.2,0,4.4,1,0.2,0,0,A-Game
2017,15,hydec1,Carlos Hyde,RB,SF,TEN,15.4,16,0,0,0,0,0,17.2,69.5,0.4,3.5,23.4,0.1,0,3.5,1.1,0.2,0,0,A-Game
2017,15,mccafc1,Christian McCaffrey,RB,CAR,GB,16.3,16,0,0,0,0,0,7.6,31.5,0.2,5.3,41.5,0.4,0,1.6,1.9,0.1,0,0,A-Game
2017,15,freemd1,Devonta Freeman,RB,ATL,@TB,20.1,15,0,0,0,0,0,14.8,69.5,0.8,2.1,13.7,0,0,3.5,0.6,0.1,0,0,A-Game
2017,15,perins1,Samaje Perine,RB,WAS,ARI,17.8,15,0,0,0,0,0,19,62.3,0.6,3.1,20.1,0.1,0,3.1,0.9,0.2,0,0,A-Game
2017,15,collia2,Alex Collins,RB,BAL,@CLE,17.2,14.8,0,0,0,0,0,18.5,78.9,0.4,2.3,20.9,0,0,4,1,0.1,0,0,A-Game
2017,15,millel2,Lamar Miller,RB,HOU,@JAX,15.2,14.6,0,0,0,0,0,20.4,82.5,0.4,2.4,18.5,0.1,0,4.1,0.9,0.2,0,0,A-Game
2017,15,howarj1,Jordan Howard,RB,CHI,@DET,19.4,14.2,0,0,0,0,0,17.4,85.8,0.5,1.6,8.5,0,0,4.3,0.4,0.2,0,0,A-Game
2017,15,lynchm1,Marshawn Lynch,RB,OAK,DAL,17.5,14.1,0,0,0,0,0,18.3,73.4,0.5,1.7,17.4,0.1,0,3.7,0.8,0.1,0,0,A-Game
2017,15,riddit1,Theo Riddick,RB,DET,CHI,14.7,14.1,0,0,0,0,0,11.4,44.1,0.4,4,28.3,0.2,0,2.2,1.3,0.1,0,0,A-Game
2017,15,burkhr1,Rex Burkhead,RB,NE,@PIT,19.7,14,0,0,0,0,0,9,38.3,0.5,3.2,26.9,0.3,0,1.9,1.2,0.1,0,0,B-Game
2017,15,lewisd1,Dion Lewis,RB,NE,@PIT,19.7,13.8,0,0,0,0,0,13.6,64.4,0.4,2.6,22.4,0.1,0,3.2,1,0.1,0,0,B-Game
2017,15,mckinj1,Jerick McKinnon,RB,MIN,CIN,23.4,12.9,0,0,0,0,0,12.8,52.1,0.3,3,23.4,0.2,0,2.6,1.1,0.1,0,0,B-Game
2017,15,murrad1,DeMarco Murray,RB,TEN,@SF,21.6,12.8,0,0,0,0,0,12.2,48,0.3,3.2,22.8,0.1,0,2.4,1,0.1,0,0,B-Game
2017,15,anderc2,C.J. Anderson,RB,DEN,@IND,20.9,12.5,0,0,0,0,0,15.1,64.7,0.4,1.9,16,0.1,0,3.2,0.7,0.1,0,0,B-Game
2017,15,davism3,Mike Davis,RB,SEA,LAR,18,12.4,0,0,0,0,0,15.3,64.2,0.5,1.9,16.1,0,0,3.2,0.7,0.1,0,0,B-Game
2017,15,murral1,Latavius Murray,RB,MIN,CIN,23.4,12.3,0,0,0,0,0,14.9,67.2,0.7,1.1,5.2,0,0,3.4,0.2,0.1,0,0,B-Game
2017,15,goref1,Frank Gore,RB,IND,DEN,20.9,11.8,0,0,0,0,0,17.9,69.9,0.3,1.7,13.5,0,0,3.5,0.6,0.2,0,0,B-Game
2017,15,fortem1,Matt Forte,RB,NYJ,@NO,17.1,11.3,0,0,0,0,0,9.5,36.5,0.2,3.8,24.9,0.1,0,1.8,1.2,0.1,0,0,B-Game
2017,15,ajayij1,Jay Ajayi,RB,PHI,@NYG,23.5,10.8,0,0,0,0,0,15.2,72.9,0.3,1.1,5.9,0,0,3.7,0.3,0.1,0,0,B-Game
2017,15,colemt1,Tevin Coleman,RB,ATL,@TB,20.1,10.8,0,0,0,0,0,9.9,43.6,0.3,1.8,20.6,0.2,0,2.2,0.9,0.1,0,0,B-Game
2017,15,willik3,Kerwynn Williams,RB,ARI,@WAS,19.1,10.7,0,0,0,0,0,15.4,67.3,0.4,1.1,8.5,0,0,3.4,0.4,0.1,0,0,B-Game
2017,15,johnsd11,Duke Johnson,RB,CLE,BAL,19,10.6,0,0,0,0,0,3,12.6,0.1,3.8,36.7,0.2,0,0.6,1.7,0.1,0,0,B-Game
2017,15,smithr4,Rod Smith,RB,DAL,@OAK,20.3,10,0,0,0,0,0,7.5,33.5,0.4,2.2,16.9,0.1,0,1.7,0.8,0.1,0,0,C-Game
2017,15,cohent1,Tarik Cohen,RB,CHI,@DET,19.4,9.6,0,0,0,0,0,5.6,21.6,0.1,3.5,27.5,0.1,0,1.1,1.3,0.1,0,0,C-Game
2017,15,crowei1,Isaiah Crowell,RB,CLE,BAL,19,9.5,0,0,0,0,0,16.9,67.9,0.2,1.2,8.4,0,0,3.4,0.4,0.2,0,0,C-Game
2017,15,powelb1,Bilal Powell,RB,NYJ,@NO,17.1,9.5,0,0,0,0,0,9.7,47.3,0.2,1.9,13,0.1,0,2.4,0.6,0.1,0,0,C-Game
2017,15,morria1,Alfred Morris,RB,DAL,@OAK,20.3,9.5,0,0,0,0,0,17.6,76.1,0.3,0.2,1.2,0,0,3.8,0.1,0.1,0,0,C-Game
2017,15,stewaj3,Jonathan Stewart,RB,CAR,GB,16.3,9,0,0,0,0,0,14,56.4,0.4,0.6,4.7,0,0,2.8,0.2,0.1,0,0,C-Game
2017,15,barbep1,Peyton Barber,RB,TB,ATL,13.4,9,0,0,0,0,0,10.3,48.5,0.3,1.4,10.4,0,0,2.4,0.5,0.1,0,0,C-Game
2017,15,booked1,Devontae Booker,RB,DEN,@IND,20.9,8.6,0,0,0,0,0,6.6,25.1,0.2,2.1,21.7,0.1,0,1.3,1,0.1,0,0,C-Game
2017,15,woodhd1,Danny Woodhead,RB,BAL,@CLE,17.2,8.5,0,0,0,0,0,2.8,12.9,0.1,3.6,23.3,0.1,0,0.6,1.1,0,0,0,C-Game
2017,15,henryd1,Derrick Henry,RB,TEN,@SF,21.6,8.3,0,0,0,0,0,12.6,56,0.3,0.6,4.6,0,0,2.8,0.2,0.1,0,0,C-Game
2017,15,ekelea1,Austin Ekeler,RB,LAC,@KC,19,8.2,0,0,0,0,0,6,27.5,0.1,1.5,17.7,0.3,0,1.4,0.8,0.1,0,0,C-Game
2017,15,ellina1,Andre Ellington,RB,HOU,@JAX,15.2,7.8,0,0,0,0,0,5.2,16.5,0,2.8,27.3,0.1,0,0.8,1.2,0.1,0,0,C-Game
2017,15,gallmw1,Wayne Gallman,RB,NYG,PHI,13.9,7.6,0,0,0,0,0,9.6,34.7,0.2,2,10.5,0.1,0,1.7,0.5,0.1,0,0,C-Game
2017,15,mackm1,Marlon Mack,RB,IND,DEN,20.9,7.4,0,0,0,0,0,5.5,21.1,0.1,1.9,19.8,0.1,0,1.1,0.9,0.1,0,0,C-Game
2017,15,darkwo1,Orleans Darkwa,RB,NYG,PHI,13.9,7.1,0,0,0,0,0,9.7,38.8,0.2,1.4,8.4,0,0,1.9,0.4,0.1,0,0,C-Game
2017,15,martid2,Doug Martin,RB,TB,ATL,13.4,6.8,0,0,0,0,0,10.8,39.1,0.2,1.1,6.5,0,0,2,0.3,0.1,0,0,C-Game
2017,15,whitej4,James White,RB,NE,@PIT,19.7,6.7,0,0,0,0,0,1,3.9,0,3,23.9,0.1,0,0.2,1.1,0,0,0,C-Game
2017,15,allenj2,Javorius Allen,RB,BAL,@CLE,17.2,6.6,0,0,0,0,0,6.8,21,0.3,1.3,12.8,0,0,1.1,0.6,0.1,0,0,C-Game
2017,15,mckisj1,J.D. McKissic,RB,SEA,LAR,18,6.6,0,0,0,0,0,1.7,7.6,0.1,2.8,20.2,0.1,0,0.4,0.9,0,0,0,C-Game
2017,15,fosted2,D.J. Foster,RB,ARI,@WAS,19.1,6.5,0,0,0,0,0,2.5,7.5,0,2.8,21.8,0.1,0,0.4,1,0,0,0,C-Game
2017,15,breidm1,Matt Breida,RB,SF,TEN,15.4,6.5,0,0,0,0,0,7.7,26.8,0.1,1.7,10.4,0.1,0,1.3,0.5,0.1,0,0,C-Game
2017,15,yeldot1,T.J. Yeldon,RB,JAX,HOU,19,6.1,0,0,0,0,0,1.6,7,0,2.5,20.7,0.1,0,0.4,0.9,0,0,0,C-Game
2017,15,washid1,DeAndre Washington,RB,OAK,DAL,17.5,6.1,0,0,0,0,0,3.1,13,0.1,2.5,14.9,0.1,0,0.7,0.7,0,0,0,C-Game
2017,15,blounl1,LeGarrette Blount,RB,PHI,@NYG,23.5,5.9,0,0,0,0,0,8.2,35.1,0.4,0.2,1.2,0,0,1.8,0.1,0.1,0,0,C-Game
2017,15,verees1,Shane Vereen,RB,NYG,PHI,13.9,5.9,0,0,0,0,0,2.2,8.9,0,2.7,16.8,0.1,0,0.4,0.8,0,0,0,C-Game
2017,15,clemec1,Corey Clement,RB,PHI,@NYG,23.5,5.7,0,0,0,0,0,5.5,21.3,0.2,1.2,9.4,0,0,1.1,0.4,0,0,0,C-Game
2017,15,greent2,Tion Green,RB,DET,CHI,14.7,5.5,0,0,0,0,0,10.1,40,0.3,0,0,0,0,2,0,0.1,0,0,C-Game
2017,15,simsc1,Charles Sims,RB,TB,ATL,13.4,5.1,0,0,0,0,0,0.5,2,0,2.5,22,0,0,0.1,1,0,0,0,C-Game
2017,15,tolbem1,Mike Tolbert,RB,BUF,MIA,19.5,5.1,0,0,0,0,0,7.1,25.3,0.1,1.2,6.7,0,0,1.3,0.3,0.1,0,0,C-Game
2017,15,westc2,Charcandrick West,RB,KC,LAC,15.7,4.9,0,0,0,0,0,1.8,6.7,0.1,2.2,12.3,0,0,0.3,0.6,0,0,0,C-Game
2017,15,richaj1,Jalen Richard,RB,OAK,DAL,17.5,4.5,0,0,0,0,0,1.2,6.3,0,1.7,14.9,0.1,0,0.3,0.7,0,0,0,C-Game
2017,15,juszck1,Kyle Juszczyk,RB,SF,TEN,15.4,4.1,0,0,0,0,0,0,0,0,1.8,14.3,0.2,0,0,0.7,0,0,0,C-Game
2017,15,ivoryc1,Chris Ivory,RB,JAX,HOU,19,4,0,0,0,0,0,4.6,18.2,0.1,0.9,8,0,0,0.9,0.4,0,0,0,C-Game
2017,15,jonesa2,Aaron Jones,RB,GB,@CAR,14.4,3.8,0,0,0,0,0,4.9,20.2,0.1,0.7,5.2,0,0,1,0.2,0,0,0,C-Game
2017,15,charlj1,Jamaal Charles,RB,DEN,@IND,20.9,3.7,0,0,0,0,0,2.6,11.7,0,1.2,9.1,0,0,0.6,0.4,0,0,0,C-Game
2017,15,mcguie1,Elijah McGuire,RB,NYJ,@NO,17.1,3.6,0,0,0,0,0,3.4,12.9,0.1,0.8,7.6,0,0,0.6,0.3,0,0,0,C-Game
2017,15,cadett1,Travaris Cadet,RB,BUF,MIA,19.5,3.3,0,0,0,0,0,1.4,5.6,0,1.4,9.5,0.1,0,0.3,0.4,0,0,0,C-Game
2017,15,cunnib2,Benny Cunningham,RB,CHI,@DET,19.4,2.7,0,0,0,0,0,0,0,0,1.2,10.6,0.1,0,0,0.5,0,0,0,C-Game
2017,15,daniel1,LeShun Daniels,RB,WAS,ARI,17.8,1.9,0,0,0,0,0,2,6.6,0,0.7,5,0,0,0.3,0.2,0,0,0,C-Game
2017,15,pennye1,Elijhaa Penny,RB,ARI,@WAS,19.1,1.9,0,0,0,0,0,2.7,9,0.1,0.3,2.4,0,0,0.5,0.1,0,0,0,C-Game
2017,15,sherma1,Anthony Sherman,RB,KC,LAC,15.7,1.5,0,0,0,0,0,0,0,0,0.9,4.9,0,0,0,0.2,0,0,0,C-Game
2017,15,hillb2,Brian Hill,RB,CIN,@MIN,14.8,1.2,0,0,0,0,0,2.8,10.6,0,0,0,0,0,0.5,0,0,0,0,C-Game
2017,15,connej2,James Conner,RB,PIT,NE,16.9,1.1,0,0,0,0,0,3,11.7,0,0,0,0,0,0.6,0,0,0,0,C-Game
2017,15,dunbal1,Lance Dunbar,RB,LAR,@SEA,14.1,0.9,0,0,0,0,0,1.6,7.9,0,0,0,0,0,0.4,0,0,0,0,C-Game
2017,15,ripkoa1,Aaron Ripkowski,RB,GB,@CAR,14.4,0.8,0,0,0,0,0,0,0,0,0.5,3.9,0,0,0,0.2,0,0,0,C-Game
2017,15,perrys1,Senorise Perry,RB,MIA,@BUF,25.2,0.8,0,0,0,0,0,1.7,5.9,0,0,0,0,0,0.3,0,0,0,0,C-Game
2017,15,brownm4,Malcolm Brown,RB,LAR,@SEA,14.1,0.8,0,0,0,0,0,1.8,6.8,0,0,0,0,0,0.3,0,0,0,0,C-Game
2017,15,bohant1,Tommy Bohanon,RB,JAX,HOU,19,0.6,0,0,0,0,0,0,0,0,0.4,2.3,0,0,0,0.1,0,0,0,C-Game
2017,15,perkip1,Paul Perkins,RB,NYG,PHI,13.9,0.4,0,0,0,0,0,1.3,4.5,0,0,0,0,0,0.2,0,0,0,0,C-Game
2017,15,rawlst1,Thomas Rawls,RB,SEA,LAR,18,0.4,0,0,0,0,0,0.9,3.2,0,0,0,0,0,0.2,0,0,0,0,C-Game
2017,15,zennez1,Zach Zenner,RB,DET,CHI,14.7,0.4,0,0,0,0,0,1.1,4.1,0,0,0,0,0,0.2,0,0,0,0,C-Game
2017,15,lacye1,Eddie Lacy,RB,SEA,LAR,18,0.3,0,0,0,0,0,0.6,2.5,0,0,0,0,0,0.1,0,0,0,0,C-Game
2017,15,janova1,Andy Janovich,RB,DEN,@IND,20.9,0.3,0,0,0,0,0,0.2,1.2,0,0,0,0,0,0.1,0,0,0,0,C-Game
2017,15,artisc1,Cameron Artis-Payne,RB,CAR,GB,16.3,0.3,0,0,0,0,0,0,0,0,0.2,1.2,0,0,0,0.1,0,0,0,C-Game
2017,15,wattd1,Derek Watt,RB,LAC,@KC,19,0.2,0,0,0,0,0,0.5,2.5,0,0,0,0,0,0.1,0,0,0,0,C-Game
2017,15,toussf1,Fitzgerald Toussaint,RB,PIT,NE,16.9,0,0,0,0,0,0,0,0,0,0,0,0,0,0,0,0,0,0,C-Game
2017,15,browna4,Antonio Brown,WR,PIT,NE,20.8,24.7,0,0,0,0,0,0,0,0,7.7,116,0.9,0,0,5.3,0,0,0,A-Game
2017,15,allenk1,Keenan Allen,WR,LAC,@KC,25.7,18.8,0,0,0,0,0,0,0,0,6.8,87.3,0.6,0,0,4.3,0,0,0,A-Game
2017,15,jonesj6,Julio Jones,WR,ATL,@TB,25.6,18.3,0,0,0,0,0,0,0,0,6.3,96.2,0.4,0,0,4.4,0,0,0,A-Game
2017,15,thomam4,Michael Thomas,WR,NO,NYJ,24.7,17.5,0,0,0,0,0,0,0,0,6.2,81.9,0.5,0,0,4,0,0,0,A-Game
2017,15,thiela1,Adam Thielen,WR,MIN,CIN,18.3,16.5,0,0,0,0,0,0,0,0,5.7,89.6,0.3,0,0,4,0,0,0,A-Game
2017,15,bryand1,Dez Bryant,WR,DAL,@OAK,23.8,16.4,0,0,0,0,0,0,0,0,5.9,75,0.5,0,0,3.7,0,0,0,A-Game
2017,15,funchd1,Devin Funchess,WR,CAR,GB,27.6,16.2,0,0,0,0,0,0,0,0,5.4,78.2,0.5,0,0,3.7,0,0,0,A-Game
2017,15,crabtm1,Michael Crabtree,WR,OAK,DAL,23.2,15.9,0,0,0,0,0,0,0,0,5.8,67,0.6,0,0,3.5,0,0,0,A-Game
2017,15,hopkid1,DeAndre Hopkins,WR,HOU,@JAX,15.2,15.8,0,0,0,0,0,0,0,0,5.9,77.1,0.4,0,0,3.8,0.1,0,0,A-Game
2017,15,baldwd1,Doug Baldwin,WR,SEA,LAR,16.5,15.6,0,0,0,0,0,0,0,0,5,72.6,0.6,0,0,3.4,0,0,0,A-Game
2017,15,fitzgl1,Larry Fitzgerald,WR,ARI,@WAS,22.1,15.5,0,0,0,0,0,0,0,0,6.4,67.9,0.4,0,0,3.6,0.1,0,0,A-Game
2017,15,adamsd2,Davante Adams,WR,GB,@CAR,20.7,15.1,0,0,0,0,0,0,0,0,5.4,71.7,0.4,0,0,3.5,0,0,0,A-Game
2017,15,greena2,A.J. Green,WR,CIN,@MIN,16.9,15.1,0,0,0,0,0,0,0,0,5.3,74.3,0.4,0,0,3.5,0.1,0,0,A-Game
2017,15,tateg1,Golden Tate,WR,DET,CHI,17,14.8,0,0,0,0,0,1,4.1,0,6.2,62.1,0.4,0,0.2,3.4,0.1,0,0,A-Game
2017,15,hillt1,Tyreek Hill,WR,KC,LAC,18.8,14.8,0,0,0,0,0,0.5,4.4,0,4.9,68.7,0.4,0,0.2,3.2,0,0,0,A-Game
2017,15,nelsoj1,Jordy Nelson,WR,GB,@CAR,20.7,14.7,0,0,0,0,0,0,0,0,5.1,65.2,0.5,0,0,3.2,0,0,0,A-Game
2017,15,thomad5,Demaryius Thomas,WR,DEN,@IND,22.3,14.3,0,0,0,0,0,0,0,0,5.4,63.9,0.4,0,0,3.3,0,0,0,A-Game
2017,15,crowdj1,Jamison Crowder,WR,WAS,ARI,16.5,13.8,0,0,0,0,0,0,0,0,5.3,69.2,0.3,0,0,3.4,0,0,0,A-Game
2017,15,jonesm3,Marvin Jones,WR,DET,CHI,17,13.8,0,0,0,0,0,0,0,0,3.9,64.8,0.6,0,0,2.9,0,0,0,A-Game
2017,15,evansm1,Mike Evans,WR,TB,ATL,18.2,13.6,0,0,0,0,0,0,0,0,4.7,59.6,0.5,0,0,3,0,0,0,A-Game
2017,15,cooksb1,Brandin Cooks,WR,NE,@PIT,23.1,13.5,0,0,0,0,0,0,0,0,4.3,68.8,0.4,0,0,3.1,0,0,0,A-Game
2017,15,gordoj1,Josh Gordon,WR,CLE,BAL,15.5,13.5,0,0,0,0,0,0.2,1.1,0,4.7,66,0.4,0,0,3.1,0,0,0,A-Game
2017,15,goodwm1,Marquise Goodwin,WR,SF,TEN,17.2,13.4,0,0,0,0,0,0,0,0,4.8,72.9,0.2,0,0,3.3,0,0,0,A-Game
2017,15,sanum1,Mohamed Sanu,WR,ATL,@TB,25.6,13.4,0,0,0,0,0,0,0,0,5,56.3,0.5,0,0,2.9,0,0,0,A-Game
2017,15,landrj1,Jarvis Landry,WR,MIA,@BUF,17.1,13.3,0,0,0,0,0,0.7,2.1,0,6,51.8,0.4,0,0.1,3.1,0.1,0,0,A-Game
2017,15,woodsr1,Robert Woods,WR,LAR,@SEA,22.9,12.9,0,0,0,0,0,0,0,0,4.6,63.2,0.3,0,0,3,0,0,0,A-Game
2017,15,anderr2,Robby Anderson,WR,NYJ,@NO,19.5,12.8,0,0,0,0,0,0,0,0,4.4,65,0.3,0,0,3,0,0,0,A-Game
2017,15,diggss1,Stefon Diggs,WR,MIN,CIN,18.3,12.8,0,0,0,0,0,0,0,0,4.3,58.4,0.5,0,0,2.8,0,0,0,A-Game
2017,15,jeffea1,Alshon Jeffery,WR,PHI,@NYG,24.2,12.6,0,0,0,0,0,0,0,0,4,60,0.5,0,0,2.8,0,0,0,A-Game
2017,15,kuppc1,Cooper Kupp,WR,LAR,@SEA,22.9,12.6,0,0,0,0,0,0,0,0,5.1,59.4,0.3,0,0,3.1,0,0,0,A-Game
2017,15,leem1,Marqise Lee,WR,JAX,HOU,25.3,12.1,0,0,0,0,0,0,0,0,4.2,58.6,0.4,0,0,2.8,0,0,0,A-Game
2017,15,smithj5,JuJu Smith-Schuster,WR,PIT,NE,20.8,11.9,0,0,0,0,0,0,0,0,3.4,52.9,0.6,0,0,2.4,0,0,0,A-Game
2017,15,westbd1,Dede Westbrook,WR,JAX,HOU,25.3,11.8,0,0,0,0,0,0,0,0,4.1,57.5,0.3,0,0,2.7,0,0,0,A-Game
2017,15,wallam1,Mike Wallace,WR,BAL,@CLE,18.6,11.7,0,0,0,0,0,0,0,0,4,57,0.3,0,0,2.7,0,0,0,A-Game
2017,15,matthr1,Rishard Matthews,WR,TEN,@SF,17.5,11.6,0,0,0,0,0,0,0,0,3.8,57,0.4,0,0,2.6,0,0,0,A-Game
2017,15,shepas1,Sterling Shepard,WR,NYG,PHI,16.5,11.4,0,0,0,0,0,0,0,0,4.4,57.8,0.2,0,0,2.8,0,0,0,A-Game
2017,15,hiltot1,T.Y. Hilton,WR,IND,DEN,13.1,11.4,0,0,0,0,0,0,0,0,3.6,61.4,0.3,0,0,2.7,0,0,0,A-Game
2017,15,hoganc1,Chris Hogan,WR,NE,@PIT,23.1,11,0,0,0,0,0,0,0,0,3.6,47.8,0.4,0,0,2.3,0,0,0,A-Game
2017,15,richap1,Paul Richardson,WR,SEA,LAR,16.5,10.9,0,0,0,0,0,0,0,0,3.6,53.8,0.3,0,0,2.5,0,0,0,B-Game
2017,15,cobbr1,Randall Cobb,WR,GB,@CAR,20.7,10.7,0,0,0,0,0,0.5,2.1,0,4.3,48.2,0.2,0,0.1,2.5,0,0,0,B-Game
2017,15,agholn1,Nelson Agholor,WR,PHI,@NYG,24.2,10.4,0,0,0,0,0,0,0,0,3.7,48.3,0.3,0,0,2.3,0,0,0,B-Game
2017,15,ginnt1,Ted Ginn,WR,NO,NYJ,24.7,10.3,0,0,0,0,0,0.2,1.4,0,3.1,51.7,0.3,0,0.1,2.3,0,0,0,B-Game
2017,15,kearsj1,Jermaine Kearse,WR,NYJ,@NO,19.5,9.8,0,0,0,0,0,0,0,0,3.6,46.6,0.3,0,0,2.3,0,0,0,B-Game
2017,15,stillk1,Kenny Stills,WR,MIA,@BUF,17.1,9.6,0,0,0,0,0,0,0,0,3.4,51.8,0.2,0,0,2.4,0,0,0,B-Game
2017,15,doctsj1,Josh Doctson,WR,WAS,ARI,16.5,9.6,0,0,0,0,0,0,0,0,3.4,37.8,0.4,0,0,2,0,0,0,B-Game
2017,15,maclij1,Jeremy Maclin,WR,BAL,@CLE,18.6,9.4,0,0,0,0,0,0,0,0,3.3,41.9,0.3,0,0,2.1,0,0,0,B-Game
2017,15,sandee1,Emmanuel Sanders,WR,DEN,@IND,22.3,9.4,0,0,0,0,0,0,0,0,3.6,44.5,0.2,0,0,2.2,0,0,0,B-Game
2017,15,willit3,Terrance Williams,WR,DAL,@OAK,23.8,9.3,0,0,0,0,0,0,0,0,4,44.8,0.1,0,0,2.3,0,0,0,B-Game
2017,15,jacksd2,DeSean Jackson,WR,TB,ATL,18.2,9.3,0,0,0,0,0,0,0,0,3.7,42.7,0.2,0,0,2.2,0,0,0,B-Game
2017,15,watkis1,Sammy Watkins,WR,LAR,@SEA,22.9,9.2,0,0,0,0,0,0,0,0,3,38.7,0.4,0,0,1.9,0,0,0,B-Game
2017,15,wrighk1,Kendall Wright,WR,CHI,@DET,21.2,9,0,0,0,0,0,0,0,0,3.9,45.5,0.1,0,0,2.3,0,0,0,B-Game
2017,15,grantr3,Ryan Grant,WR,WAS,ARI,16.5,8.8,0,0,0,0,0,0,0,0,3.2,36.5,0.3,0,0,1.9,0,0,0,B-Game
2017,15,colemc1,Corey Coleman,WR,CLE,BAL,15.5,8.7,0,0,0,0,0,0,0,0,3.3,41.9,0.2,0,0,2.1,0,0,0,B-Game
2017,15,inmand1,Dontrelle Inman,WR,CHI,@DET,21.2,8.6,0,0,0,0,0,0,0,0,3,43.4,0.2,0,0,2,0,0,0,B-Game
2017,15,rogerc1,Chester Rogers,WR,IND,DEN,13.1,8.5,0,0,0,0,0,0,0,0,3.5,39.6,0.2,0,0,2.1,0,0,0,B-Game
2017,15,lafelb1,Brandon LaFell,WR,CIN,@MIN,16.9,8.5,0,0,0,0,0,0,0,0,3.8,39.3,0.1,0,0,2.2,0,0,0,B-Game
2017,15,parked1,DeVante Parker,WR,MIA,@BUF,17.1,8.4,0,0,0,0,0,0,0,0,3.5,40.6,0.1,0,0,2.1,0,0,0,B-Game
2017,15,willit4,Tyrell Williams,WR,LAC,@KC,25.7,8.3,0,0,0,0,0,0,0,0,2.3,43.6,0.3,0,0,1.8,0,0,0,B-Game
2017,15,jonesz1,Zay Jones,WR,BUF,MIA,18.7,7.9,0,0,0,0,0,0,0,0,2.6,38.1,0.3,0,0,1.8,0,0,0,C-Game
2017,15,locket1,Tyler Lockett,WR,SEA,LAR,16.5,7.8,0,0,0,0,0,0.4,3.8,0,2.8,39,0.1,0,0.2,1.9,0,0,0,C-Game
2017,15,bryanm2,Martavis Bryant,WR,PIT,NE,20.8,7.8,0,0,0,0,0,0.3,1.1,0,3.1,33.8,0.2,0,0,1.8,0,0,0,C-Game
2017,15,smitht7,Torrey Smith,WR,PHI,@NYG,24.2,7.7,0,0,0,0,0,0,0,0,3.2,35.3,0.2,0,0,1.9,0,0,0,C-Game
2017,15,fullew1,Will Fuller,WR,HOU,@JAX,15.2,7.7,0,0,0,0,0,0,0,0,3,37.1,0.2,0,0,1.9,0,0,0,C-Game
2017,15,taylot4,Trent Taylor,WR,SF,TEN,17.2,7.6,0,0,0,0,0,0,0,0,3,35.1,0.2,0,0,1.8,0,0,0,C-Game
2017,15,gollak1,Kenny Golladay,WR,DET,CHI,17,7.6,0,0,0,0,0,0,0,0,2.2,39.1,0.2,0,0,1.7,0,0,0,C-Game
2017,15,davisc7,Corey Davis,WR,TEN,@SF,17.5,7.5,0,0,0,0,0,0,0,0,3.1,33,0.2,0,0,1.8,0,0,0,C-Game
2017,15,wilsoa1,Albert Wilson,WR,KC,LAC,18.8,7.4,0,0,0,0,0,0,0,0,2.4,34.3,0.3,0,0,1.6,0,0,0,C-Game
2017,15,lewisr1,Roger Lewis,WR,NYG,PHI,16.5,7.4,0,0,0,0,0,0,0,0,3.3,33.6,0.1,0,0,1.9,0,0,0,C-Game
2017,15,benjat1,Travis Benjamin,WR,LAC,@KC,25.7,7.4,0,0,0,0,0,0.5,5,0,2.1,31.4,0.3,0,0.2,1.4,0,0,0,C-Game
2017,15,thompd1,Deonte Thompson,WR,BUF,MIA,18.7,7.3,0,0,0,0,0,0,0,0,2.5,39,0.2,0,0,1.8,0,0,0,C-Game
2017,15,beaslc1,Cole Beasley,WR,DAL,@OAK,23.8,7.3,0,0,0,0,0,0,0,0,2.8,27.8,0.3,0,0,1.5,0,0,0,C-Game
2017,15,deckee1,Eric Decker,WR,TEN,@SF,17.5,6.7,0,0,0,0,0,0,0,0,2.9,30.8,0.1,0,0,1.7,0,0,0,C-Game
2017,15,robers1,Seth Roberts,WR,OAK,DAL,23.2,6.6,0,0,0,0,0,0,0,0,2.7,28.6,0.2,0,0,1.6,0,0,0,C-Game
2017,15,amendd1,Danny Amendola,WR,NE,@PIT,23.1,6.5,0,0,0,0,0,0,0,0,2.6,29.9,0.2,0,0,1.5,0,0,0,C-Game
2017,15,colek1,Keelan Cole,WR,JAX,HOU,25.3,6.4,0,0,0,0,0,0,0,0,1.9,34.5,0.2,0,0,1.5,0,0,0,C-Game
2017,15,byrdd3,Damiere Byrd,WR,CAR,GB,27.6,6.4,0,0,0,0,0,0,0,0,2.6,28.4,0.2,0,0,1.5,0,0,0,C-Game
2017,15,pattec1,Cordarrelle Patterson,WR,OAK,DAL,23.2,6.4,0,0,0,0,0,1,8.3,0.1,2.2,22.3,0.1,0,0.3,1.2,0,0,0,C-Game
2017,15,gabrit1,Taylor Gabriel,WR,ATL,@TB,25.6,6.2,0,0,0,0,0,0.1,1.2,0,2.6,28.8,0.1,0,0.1,1.5,0,0,0,C-Game
2017,15,brownj5,John Brown,WR,ARI,@WAS,22.1,6,0,0,0,0,0,0,0,0,2.1,29.1,0.2,0,0,1.4,0,0,0,C-Game
2017,15,colemb2,Brandon Coleman,WR,NO,NYJ,24.7,5.9,0,0,0,0,0,0,0,0,1.4,27.3,0.3,0,0,1.1,0,0,0,C-Game
2017,15,holtoj1,Johnny Holton,WR,OAK,DAL,23.2,5.8,0,0,0,0,0,0,0,0,1.7,27.3,0.2,0,0,1.2,0,0,0,C-Game
2017,15,brownj4,Jaron Brown,WR,ARI,@WAS,22.1,5.6,0,0,0,0,0,0,0,0,1.9,27.9,0.2,0,0,1.3,0,0,0,C-Game
2017,15,godwic1,Chris Godwin,WR,TB,ATL,18.2,5.4,0,0,0,0,0,0,0,0,2.2,31.1,0,0,0,1.5,0,0,0,C-Game
2017,15,nelsoj2,J.J. Nelson,WR,ARI,@WAS,22.1,5.4,0,0,0,0,0,0,0,0,1.9,26.7,0.1,0,0,1.3,0,0,0,C-Game
2017,15,humpha1,Adam Humphries,WR,TB,ATL,18.2,5,0,0,0,0,0,0,0,0,2.8,22,0,0,0,1.4,0,0,0,C-Game
2017,15,moorec1,Chris Moore,WR,BAL,@CLE,18.6,4.8,0,0,0,0,0,0,0,0,1.4,25.6,0.2,0,0,1.1,0,0,0,C-Game
2017,15,butleb1,Brice Butler,WR,DAL,@OAK,23.8,4.7,0,0,0,0,0,0,0,0,1.2,25.4,0.2,0,0,1,0,0,0,C-Game
2017,15,latimc1,Cody Latimer,WR,DEN,@IND,22.3,4.5,0,0,0,0,0,0,0,0,1.5,22.8,0.1,0,0,1,0,0,0,C-Game
2017,15,wrighj2,Jarius Wright,WR,MIN,CIN,18.3,4.3,0,0,0,0,0,0,0,0,1.7,16.9,0.2,0,0,0.9,0,0,0,C-Game
2017,15,bellaj1,Josh Bellamy,WR,CHI,@DET,21.2,4.1,0,0,0,0,0,0,0,0,1.4,21.2,0.1,0,0,1,0,0,0,C-Game
2017,15,murphl1,Louis Murphy,WR,SF,TEN,17.2,4,0,0,0,0,0,0,0,0,1.2,19.5,0.1,0,0,0.9,0,0,0,C-Game
2017,15,hansec1,Chad Hansen,WR,NYJ,@NO,19.5,4,0,0,0,0,0,0,0,0,1.9,19.5,0,0,0,1.1,0,0,0,C-Game
2017,15,kingt1,Tavarres King,WR,NYG,PHI,16.5,4,0,0,0,0,0,0,0,0,1.5,18.9,0.1,0,0,0.9,0,0,0,C-Game
2017,15,hardyj2,Justin Hardy,WR,ATL,@TB,25.6,4,0,0,0,0,0,0,0,0,1.4,13.7,0.2,0,0,0.8,0,0,0,C-Game
2017,15,fowleb1,Bennie Fowler,WR,DEN,@IND,22.3,3.8,0,0,0,0,0,0,0,0,1.3,19.4,0.1,0,0,0.9,0,0,0,C-Game
2017,15,jonest3,T.J. Jones,WR,DET,CHI,17,3.7,0,0,0,0,0,0,0,0,1.7,18.9,0,0,0,1,0,0,0,C-Game
2017,15,shepar1,Russell Shepard,WR,CAR,GB,27.6,3.7,0,0,0,0,0,0,0,0,1.5,17.8,0.1,0,0,0.9,0,0,0,C-Game
2017,15,austit2,Tavon Austin,WR,LAR,@SEA,22.9,3.5,0,0,0,0,0,2.7,15.3,0.1,0.8,6.5,0,0,0.6,0.4,0,0,0,C-Game
2017,15,treadl1,Laquon Treadwell,WR,MIN,CIN,18.3,3.3,0,0,0,0,0,0,0,0,1.3,14.3,0.1,0,0,0.8,0,0,0,C-Game
2017,15,holmea1,Andre Holmes,WR,BUF,MIA,18.7,3.2,0,0,0,0,0,0,0,0,1,10.5,0.2,0,0,0.6,0,0,0,C-Game
2017,15,boydt2,Tyler Boyd,WR,CIN,@MIN,16.9,3,0,0,0,0,0,0,0,0,1.6,11.7,0.1,0,0,0.8,0,0,0,C-Game
2017,15,robind2,Demarcus Robinson,WR,KC,LAC,18.8,3,0,0,0,0,0,0,0,0,1.3,12.3,0.1,0,0,0.7,0,0,0,C-Game
2017,15,bournk1,Kendrick Bourne,WR,SF,TEN,17.2,3,0,0,0,0,0,0,0,0,1,14.3,0.1,0,0,0.7,0,0,0,C-Game
2017,15,aikenk1,Kamar Aiken,WR,IND,DEN,13.1,2.9,0,0,0,0,0,0,0,0,1.2,10.4,0.1,0,0,0.6,0,0,0,C-Game
2017,15,rogere2,Eli Rogers,WR,PIT,NE,20.8,2.7,0,0,0,0,0,0,0,0,1.2,8.8,0.1,0,0,0.6,0,0,0,C-Game
2017,15,ericka1,Alex Erickson,WR,CIN,@MIN,16.9,2.6,0,0,0,0,0,0.5,1.8,0,0.9,12.7,0,0,0.1,0.6,0,0,0,C-Game
2017,15,campam1,Michael Campanaro,WR,BAL,@CLE,18.6,2.5,0,0,0,0,0,0,0,0,1.3,11.6,0,0,0,0.7,0,0,0,C-Game
2017,15,hollim1,Mack Hollins,WR,PHI,@NYG,24.2,2.5,0,0,0,0,0,0,0,0,0.9,11.8,0.1,0,0,0.6,0,0,0,C-Game
2017,15,rudolt1,Travis Rudolph,WR,NYG,PHI,16.5,2.4,0,0,0,0,0,0,0,0,1,11.6,0,0,0,0.6,0,0,0,C-Game
2017,15,grantj1,Jakeem Grant,WR,MIA,@BUF,17.1,2.4,0,0,0,0,0,0,0,0,0.9,12.2,0.1,0,0,0.6,0,0,0,C-Game
2017,15,sneadw1,Willie Snead,WR,NO,NYJ,24.7,2.3,0,0,0,0,0,0,0,0,0.9,10.1,0.1,0,0,0.5,0,0,0,C-Game
2017,15,willim7,Mike Williams,WR,LAC,@KC,25.7,2.3,0,0,0,0,0,0,0,0,1.2,10.9,0,0,0,0.6,0,0,0,C-Game
2017,15,thomad7,DeAnthony Thomas,WR,KC,LAC,18.8,2.2,0,0,0,0,0,0,0,0,0.9,9.8,0.1,0,0,0.5,0,0,0,C-Game
2017,15,robina1,Aldrick Robinson,WR,SF,TEN,17.2,2.2,0,0,0,0,0,0,0,0,0.7,10.4,0.1,0,0,0.5,0,0,0,C-Game
2017,15,taylot3,Taywan Taylor,WR,TEN,@SF,17.5,1.9,0,0,0,0,0,0,0,0,0.6,9.1,0.1,0,0,0.4,0,0,0,C-Game
2017,15,malonj1,Josh Malone,WR,CIN,@MIN,16.9,1.9,0,0,0,0,0,0,0,0,0.8,7.4,0.1,0,0,0.4,0,0,0,C-Game
2017,15,lewist2,Tommylee Lewis,WR,NO,NYJ,24.7,1.8,0,0,0,0,0,0,0,0,0.7,8.6,0,0,0,0.4,0,0,0,C-Game
2017,15,quickb1,Brian Quick,WR,WAS,ARI,16.5,1.7,0,0,0,0,0,0,0,0,0.7,7.6,0.1,0,0,0.4,0,0,0,C-Game
2017,15,reynoj1,Josh Reynolds,WR,LAR,@SEA,22.9,1.7,0,0,0,0,0,0,0,0,0.6,7.7,0,0,0,0.4,0,0,0,C-Game
2017,15,higgir1,Rashard Higgins,WR,CLE,BAL,15.5,1.6,0,0,0,0,0,0,0,0,0.8,8.4,0,0,0,0.5,0,0,0,C-Game
2017,15,thompc2,Christopher Thompson,WR,HOU,@JAX,15.2,1.4,0,0,0,0,0,0,0,0,0.7,5.9,0,0,0,0.4,0,0,0,C-Game
2017,15,floydm3,Michael Floyd,WR,MIN,CIN,18.3,1.2,0,0,0,0,0,0,0,0,0.6,5.2,0,0,0,0.3,0,0,0,C-Game
2017,15,louisr1,Ricardo Louis,WR,CLE,BAL,15.5,1,0,0,0,0,0,0,0,0,0.4,6.3,0,0,0,0.3,0,0,0,C-Game
2017,15,brownn1,Noah Brown,WR,DAL,@OAK,23.8,0.9,0,0,0,0,0,0,0,0,0.4,4.8,0,0,0,0.3,0,0,0,C-Game
2017,15,willic5,Chad Williams,WR,ARI,@WAS,22.1,0.9,0,0,0,0,0,0,0,0,0.4,4.8,0,0,0,0.3,0,0,0,C-Game
2017,15,clayk1,Kaelin Clay,WR,CAR,GB,27.6,0.8,0,0,0,0,0,0,0,0,0.3,3.6,0,0,0,0.2,0,0,0,C-Game
2017,15,dorsep1,Phillip Dorsett,WR,NE,@PIT,23.1,0.1,0,0,0,0,0,0.2,1.1,0,0,0,0,0,0,0,0,0,0,C-Game
2017,15,gronkr1,Rob Gronkowski,TE,NE,@PIT,5.1,16.3,0,0,0,0,0,0,0,0,4.9,76.2,0.6,0,0,3.7,0,0,0,A-Game
2017,15,kelcet1,Travis Kelce,TE,KC,LAC,6.8,14.9,0,0,0,0,0,0,0,0,5.5,66.2,0.5,0,0,3.4,0,0,0,A-Game
2017,15,doylej1,Jack Doyle,TE,IND,DEN,9.2,12.3,0,0,0,0,0,0,0,0,5.3,52,0.3,0,0,2.9,0,0,0,A-Game
2017,15,walked2,Delanie Walker,TE,TEN,@SF,6.9,12.2,0,0,0,0,0,0,0,0,5,59.2,0.2,0,0,3.1,0,0,0,A-Game
2017,15,ertzz1,Zach Ertz,TE,PHI,@NYG,9.9,12,0,0,0,0,0,0,0,0,4.6,51.8,0.4,0,0,2.7,0,0,0,A-Game
2017,15,grahaj1,Jimmy Graham,TE,SEA,LAR,6.6,11.2,0,0,0,0,0,0,0,0,4,36.3,0.6,0,0,2.1,0,0,0,A-Game
2017,15,henryh1,Hunter Henry,TE,LAC,@KC,7.9,10.8,0,0,0,0,0,0,0,0,3.6,43.6,0.5,0,0,2.3,0,0,0,A-Game
2017,15,engrae1,Evan Engram,TE,NYG,PHI,6.1,10.7,0,0,0,0,0,0,0,0,3.9,46.2,0.4,0,0,2.4,0,0,0,A-Game
2017,15,rudolk1,Kyle Rudolph,TE,MIN,CIN,9.5,10.7,0,0,0,0,0,0,0,0,3.5,44.1,0.5,0,0,2.3,0,0,0,A-Game
2017,15,wittej1,Jason Witten,TE,DAL,@OAK,7.7,10.5,0,0,0,0,0,0,0,0,4.4,41.1,0.3,0,0,2.3,0,0,0,A-Game
2017,15,ebrone1,Eric Ebron,TE,DET,CHI,6,10.2,0,0,0,0,0,0,0,0,4.4,45.9,0.2,0,0,2.5,0,0,0,A-Game
2017,15,cookj2,Jared Cook,TE,OAK,DAL,6.6,10.2,0,0,0,0,0,0,0,0,4,50.9,0.2,0,0,2.6,0,0,0,A-Game
2017,15,olseng1,Greg Olsen,TE,CAR,GB,6.7,9.4,0,0,0,0,0,0,0,0,3.9,42.6,0.2,0,0,2.3,0,0,0,A-Game
2017,15,davisv1,Vernon Davis,TE,WAS,ARI,7.5,9.3,0,0,0,0,0,0,0,0,3.5,42.8,0.3,0,0,2.2,0,0,0,A-Game
2017,15,hoopea1,Austin Hooper,TE,ATL,@TB,6.8,8.9,0,0,0,0,0,0,0,0,3.5,35.7,0.3,0,0,2,0,0,0,A-Game
2017,15,clayc1,Charles Clay,TE,BUF,MIA,10,8.5,0,0,0,0,0,0,0,0,3.4,40.9,0.2,0,0,2.1,0,0,0,A-Game
2017,15,sefera1,Austin Seferian-Jenkins,TE,NYJ,@NO,6.5,8,0,0,0,0,0,0,0,0,4,28.2,0.2,0,0,1.8,0,0,0,B-Game
2017,15,watsob1,Ben Watson,TE,BAL,@CLE,9.8,8,0,0,0,0,0,0,0,0,3.2,30.2,0.3,0,0,1.7,0,0,0,B-Game
2017,15,bratec1,Cameron Brate,TE,TB,ATL,5.2,7.8,0,0,0,0,0,0,0,0,2.7,31.1,0.3,0,0,1.6,0,0,0,B-Game
2017,15,howaro1,O.J. Howard,TE,TB,ATL,5.2,7.8,0,0,0,0,0,0,0,0,2.4,32.4,0.4,0,0,1.6,0,0,0,B-Game
2017,15,anders1,Stephen Anderson,TE,HOU,@JAX,4.5,7.6,0,0,0,0,0,0,0,0,3.2,35.1,0.2,0,0,1.9,0,0,0,B-Game
2017,15,sealsr1,Ricky Seals-Jones,TE,ARI,@WAS,8.5,7.3,0,0,0,0,0,0,0,0,2,33.9,0.3,0,0,1.6,0,0,0,B-Game
2017,15,jamesj2,Jesse James,TE,PIT,NE,4.9,7.2,0,0,0,0,0,0,0,0,3,25,0.3,0,0,1.5,0,0,0,B-Game
2017,15,njokud1,David Njoku,TE,CLE,BAL,7.1,7.2,0,0,0,0,0,0,0,0,2.5,31.4,0.3,0,0,1.6,0,0,0,B-Game
2017,15,celekg1,Garrett Celek,TE,SF,TEN,8.3,7,0,0,0,0,0,0,0,0,2.2,32.5,0.3,0,0,1.6,0,0,0,B-Game
2017,15,kroftt1,Tyler Kroft,TE,CIN,@MIN,5.3,6.8,0,0,0,0,0,0,0,0,2.7,26.5,0.2,0,0,1.5,0,0,0,B-Game
2017,15,thomaj1,Julius Thomas,TE,MIA,@BUF,7.9,6.7,0,0,0,0,0,0,0,0,2.7,26.4,0.2,0,0,1.5,0,0,0,B-Game
2017,15,shahea1,Adam Shaheen,TE,CHI,@DET,11.5,6.3,0,0,0,0,0,0,0,0,2.2,24.3,0.3,0,0,1.3,0,0,0,C-Game
2017,15,lewism2,Marcedes Lewis,TE,JAX,HOU,10.6,5.6,0,0,0,0,0,0,0,0,1.4,20.7,0.4,0,0,1,0,0,0,C-Game
2017,15,hillj4,Josh Hill,TE,NO,NYJ,10.1,5.1,0,0,0,0,0,0,0,0,1.9,20.1,0.2,0,0,1.1,0,0,0,C-Game
2017,15,greshj1,Jermaine Gresham,TE,ARI,@WAS,8.5,5.1,0,0,0,0,0,0,0,0,2.3,21.8,0.1,0,0,1.2,0,0,0,C-Game
2017,15,trayla1,Austin Traylor,TE,DEN,@IND,8.7,4.8,0,0,0,0,0,0,0,0,1.7,21.7,0.2,0,0,1.1,0,0,0,C-Game
2017,15,higbet1,Tyler Higbee,TE,LAR,@SEA,6.3,4.6,0,0,0,0,0,0,0,0,1.8,20.6,0.1,0,0,1.1,0,0,0,C-Game
2017,15,pauln1,Niles Paul,TE,WAS,ARI,7.5,4.3,0,0,0,0,0,0,0,0,2,17.6,0.1,0,0,1,0,0,0,C-Game
2017,15,vannen1,Nick Vannett,TE,SEA,LAR,6.6,4.3,0,0,0,0,0,0,0,0,1.8,25.5,0,0,0,1.3,0,0,0,C-Game
2017,15,kittlg1,George Kittle,TE,SF,TEN,8.3,4.1,0,0,0,0,0,0,0,0,1.7,16.9,0.1,0,0,0.9,0,0,0,C-Game
2017,15,devals1,Seth DeValve,TE,CLE,BAL,7.1,3.8,0,0,0,0,0,0,0,0,1.8,18.9,0,0,0,1,0,0,0,C-Game
2017,15,olearn1,Nick O'Leary,TE,BUF,MIA,10,3.6,0,0,0,0,0,0,0,0,1.6,18.1,0,0,0,1,0,0,0,C-Game
2017,15,evereg1,Gerald Everett,TE,LAR,@SEA,6.3,3.6,0,0,0,0,0,0,0,0,1.1,16.8,0.1,0,0,0.8,0,0,0,C-Game
2017,15,kendrl1,Lance Kendricks,TE,GB,@CAR,6.3,3.5,0,0,0,0,0,0,0,0,1.5,15.6,0.1,0,0,0.8,0,0,0,C-Game
2017,15,simsd1,Dion Sims,TE,CHI,@DET,11.5,3.5,0,0,0,0,0,0,0,0,1.4,14.8,0.1,0,0,0.8,0,0,0,C-Game
2017,15,fellsd2,Darren Fells,TE,DET,CHI,6,3.5,0,0,0,0,0,0,0,0,1.3,10.8,0.2,0,0,0.6,0,0,0,C-Game
2017,15,gatesa1,Antonio Gates,TE,LAC,@KC,7.9,3.4,0,0,0,0,0,0,0,0,1.4,13.6,0.1,0,0,0.8,0,0,0,C-Game
2017,15,smithj6,Jonnu Smith,TE,TEN,@SF,6.9,2.9,0,0,0,0,0,0,0,0,0.8,11.4,0.2,0,0,0.6,0,0,0,C-Game
2017,15,willib2,Brandon Williams,TE,IND,DEN,9.2,2.7,0,0,0,0,0,0,0,0,1.5,9.4,0,0,0,0.6,0,0,0,C-Game
2017,15,rodger1,Richard Rodgers,TE,GB,@CAR,6.3,2.6,0,0,0,0,0,0,0,0,1,11.7,0.1,0,0,0.6,0,0,0,C-Game
2017,15,toilol1,Levine Toilolo,TE,ATL,@TB,6.8,2.6,0,0,0,0,0,0,0,0,0.9,9.6,0.1,0,0,0.5,0,0,0,C-Game
2017,15,brownd10,Daniel Brown,TE,CHI,@DET,11.5,2.4,0,0,0,0,0,0,0,0,1,10.6,0.1,0,0,0.6,0,0,0,C-Game
2017,15,dickse1,Ed Dickson,TE,CAR,GB,6.7,2.2,0,0,0,0,0,0,0,0,0.9,9.5,0.1,0,0,0.5,0,0,0,C-Game
2017,15,boylen1,Nick Boyle,TE,BAL,@CLE,9.8,2.1,0,0,0,0,0,0,0,0,0.8,9.3,0.1,0,0,0.5,0,0,0,C-Game
2017,15,harrid3,Demetrius Harris,TE,KC,LAC,6.8,1.9,0,0,0,0,0,0,0,0,0.7,7.4,0.1,0,0,0.4,0,0,0,C-Game
2017,15,tomlie1,Eric Tomlinson,TE,NYJ,@NO,6.5,1.8,0,0,0,0,0,0,0,0,0.5,9.8,0,0,0,0.5,0,0,0,C-Game
2017,15,burtot1,Trey Burton,TE,PHI,@NYG,9.9,1.6,0,0,0,0,0,0,0,0,0.6,7.1,0,0,0,0.4,0,0,0,C-Game
2017,15,ellisr1,Rhett Ellison,TE,NYG,PHI,6.1,1.5,0,0,0,0,0,0,0,0,0.7,6.3,0,0,0,0.4,0,0,0,C-Game
2017,15,heuerj1,Jeff Heuerman,TE,DEN,@IND,8.7,1.5,0,0,0,0,0,0,0,0,0.6,6.8,0,0,0,0.4,0,0,0,C-Game
2017,15,hoomam1,Michael Hoomanawanui,TE,NO,NYJ,10.1,1.4,0,0,0,0,0,0,0,0,0.3,4.3,0.1,0,0,0.2,0,0,0,C-Game
2017,15,fasana1,Anthony Fasano,TE,MIA,@BUF,7.9,1.2,0,0,0,0,0,0,0,0,0.7,4.1,0,0,0,0.3,0,0,0,C-Game
2017,15,oshauj1,James O'Shaughnessy,TE,JAX,HOU,10.6,1.1,0,0,0,0,0,0,0,0,0.6,5.7,0,0,0,0.3,0,0,0,C-Game
2017,15,allend1,Dwayne Allen,TE,NE,@PIT,5.1,1.1,0,0,0,0,0,0,0,0,0.5,6,0,0,0,0.3,0,0,0,C-Game
2017,15,celekb1,Brent Celek,TE,PHI,@NYG,9.9,1.1,0,0,0,0,0,0,0,0,0.4,4.7,0,0,0,0.2,0,0,0,C-Game
2017,15,greenv1,Virgil Green,TE,DEN,@IND,8.7,1,0,0,0,0,0,0,0,0,0.4,4.6,0,0,0,0.2,0,0,0,C-Game
2017,15,smithl1,Lee Smith,TE,OAK,DAL,6.6,0.9,0,0,0,0,0,0,0,0,0.5,5,0,0,0,0.3,0,0,0,C-Game
2017,15,hannaj1,James Hanna,TE,DAL,@OAK,7.7,0.9,0,0,0,0,0,0,0,0,0.4,4.8,0,0,0,0.3,0,0,0,C-Game
2017,15,thomal2,Logan Thomas,TE,BUF,MIA,10,0.9,0,0,0,0,0,0,0,0,0.5,3.8,0,0,0,0.2,0,0,0,C-Game
2017,15,uzomac1,C.J. Uzomah,TE,CIN,@MIN,5.3,0.9,0,0,0,0,0,0,0,0,0.4,4.2,0,0,0,0.2,0,0,0,C-Game
2017,15,grimbx1,Xavier Grimble,TE,PIT,NE,4.9,0.5,0,0,0,0,0,0,0,0,0.2,2.9,0,0,0,0.2,0,0,0,C-Game
2017,15,walfoc1,Clive Walford,TE,OAK,DAL,6.6,0.5,0,0,0,0,0,0,0,0,0.2,2.5,0,0,0,0.1,0,0,0,C-Game
2017,15,travir1,Ross Travis,TE,KC,LAC,6.8,0.5,0,0,0,0,0,0,0,0,0.2,2.5,0,0,0,0.1,0,0,0,C-Game
2017,15,lutzw1,Wil Lutz,K,NO,NYJ,7.4,8.8,0,0,0,0,0,0,0,0,0,0,0,0,0,0,0,3.4,1.8,A-Game
2017,15,forbak1,Kai Forbath,K,MIN,CIN,10.3,8.2,0,0,0,0,0,0,0,0,0,0,0,0,0,0,0,2.8,1.8,A-Game
2017,15,lamboj1,Josh Lambo,K,JAX,HOU,9.6,8,0,0,0,0,0,0,0,0,0,0,0,0,0,0,0,2.6,1.8,A-Game
2017,15,tuckej1,Justin Tucker,K,BAL,@CLE,9.1,8,0,0,0,0,0,0,0,0,0,0,0,0,0,0,0,2.3,1.9,A-Game
2017,15,ellioj1,Jake Elliott,K,PHI,@NYG,7.7,7.9,0,0,0,0,0,0,0,0,0,0,0,0,0,0,0,2.6,1.8,A-Game
2017,15,bryanm1,Matt Bryant,K,ATL,@TB,8,7.8,0,0,0,0,0,0,0,0,0,0,0,0,0,0,0,2.9,1.6,A-Game
2017,15,gostks1,Stephen Gostkowski,K,NE,@PIT,6.4,7.6,0,0,0,0,0,0,0,0,0,0,0,0,0,0,0,3,1.5,B-Game
2017,15,pratem1,Matt Prater,K,DET,CHI,7.5,7.6,0,0,0,0,0,0,0,0,0,0,0,0,0,0,0,2.6,1.7,B-Game
2017,15,bailed1,Dan Bailey,K,DAL,@OAK,8.1,7.5,0,0,0,0,0,0,0,0,0,0,0,0,0,0,0,2.6,1.6,B-Game
2017,15,ganog1,Graham Gano,K,CAR,GB,7.8,7.3,0,0,0,0,0,0,0,0,0,0,0,0,0,0,0,2.5,1.6,B-Game
2017,15,coonst1,Travis Coons,K,LAC,@KC,7.2,7.3,0,0,0,0,0,0,0,0,0,0,0,0,0,0,0,2.6,1.6,B-Game
2017,15,zuerlg1,Greg Zuerlein,K,LAR,@SEA,6,7.3,0,0,0,0,0,0,0,0,0,0,0,0,0,0,0,2.4,1.6,B-Game
2017,15,succor1,Ryan Succop,K,TEN,@SF,7.4,7.1,0,0,0,0,0,0,0,0,0,0,0,0,0,0,0,2.1,1.7,B-Game
2017,15,boswec1,Chris Boswell,K,PIT,NE,4.7,7.1,0,0,0,0,0,0,0,0,0,0,0,0,0,0,0,2.7,1.5,B-Game
2017,15,gouldr1,Robbie Gould,K,SF,TEN,9.4,7.1,0,0,0,0,0,0,0,0,0,0,0,0,0,0,0,2.2,1.6,B-Game
2017,15,mcmanb1,Brandon McManus,K,DEN,@IND,8.1,7.1,0,0,0,0,0,0,0,0,0,0,0,0,0,0,0,2.1,1.7,B-Game
2017,15,walshb1,Blair Walsh,K,SEA,LAR,5.7,7.1,0,0,0,0,0,0,0,0,0,0,0,0,0,0,0,2.7,1.5,B-Game
2017,15,butkeh1,Harrison Butker,K,KC,LAC,4.5,7,0,0,0,0,0,0,0,0,0,0,0,0,0,0,0,2.4,1.5,B-Game
2017,15,rosen2,Nick Rose,K,WAS,ARI,6.8,6.8,0,0,0,0,0,0,0,0,0,0,0,0,0,0,0,2.5,1.5,B-Game
2017,15,hauscs1,Steven Hauschka,K,BUF,MIA,6.2,6.8,0,0,0,0,0,0,0,0,0,0,0,0,0,0,0,1.9,1.7,B-Game
2017,15,tavecg1,Giorgio Tavecchio,K,OAK,DAL,4.1,6.7,0,0,0,0,0,0,0,0,0,0,0,0,0,0,0,2.2,1.5,B-Game
2017,15,crosbm1,Mason Crosby,K,GB,@CAR,6,6.6,0,0,0,0,0,0,0,0,0,0,0,0,0,0,0,2.1,1.5,B-Game
2017,15,dawsop1,Phil Dawson,K,ARI,@WAS,8.8,6.6,0,0,0,0,0,0,0,0,0,0,0,0,0,0,0,2,1.5,B-Game
2017,15,murrap1,Patrick Murray,K,TB,ATL,6.6,6.5,0,0,0,0,0,0,0,0,0,0,0,0,0,0,0,2.1,1.5,B-Game
2017,15,parkec1,Cody Parkey,K,MIA,@BUF,8.2,6.4,0,0,0,0,0,0,0,0,0,0,0,0,0,0,0,1.6,1.6,B-Game
2017,15,vinata1,Adam Vinatieri,K,IND,DEN,7.3,6.4,0,0,0,0,0,0,0,0,0,0,0,0,0,0,0,1.8,1.5,B-Game
2017,15,nugenm1,Mike Nugent,K,CHI,@DET,7.1,6.3,0,0,0,0,0,0,0,0,0,0,0,0,0,0,0,1.9,1.5,B-Game
2017,15,gonzaz1,Zane Gonzalez,K,CLE,BAL,7.5,6,0,0,0,0,0,0,0,0,0,0,0,0,0,0,0,1.5,1.5,B-Game
2017,15,rosasa1,Aldrick Rosas,K,NYG,PHI,6.4,5.8,0,0,0,0,0,0,0,0,0,0,0,0,0,0,0,1.5,1.4,C-Game
2017,15,bullor1,Randy Bullock,K,CIN,@MIN,6.2,5.7,0,0,0,0,0,0,0,0,0,0,0,0,0,0,0,1.4,1.4,C-Game
2017,15,fairbk1,Ka'imi Fairbairn,K,HOU,@JAX,4.8,5.7,0,0,0,0,0,0,0,0,0,0,0,0,0,0,0,1.3,1.4,C-Game
2017,15,catanc1,Chandler Catanzaro,K,NYJ,@NO,6.6,5.6,0,0,0,0,0,0,0,0,0,0,0,0,0,0,0,1.6,1.3,C-Game
