Season,Week,PID,Player,Pos,Team,Opp,aFPA,aFPA Rk,FFPts,Comp,Pass Att,Pass Yds,Pass TD,INT,Rush Att,Rush Yds,Rush TD,Rec,Rec Yds,Rec TD,Pa1D,Ru1D,Rec1D,Fum,XP,FG,Grade
2018,1,rodgea1,Aaron Rodgers,QB,GB,CHI,12.5,5,20.8,23.7,36.2,275.9,1.9,0.6,4.0,23.3,0.2,0.0,0.0,0.0,13.3,1.5,0.0,0.2,0.0,0.0,A-Game
2018,1,bradyt1,Tom Brady,QB,NE,HOU,16.2,19,19.6,24.4,36.9,296.0,2.1,0.4,0.5,1.6,0.0,0.0,0.0,0.0,14.1,0.1,0.0,0.2,0.0,0.0,A-Game
2018,1,breesd1,Drew Brees,QB,NO,TB,16.0,17,19.5,26.0,37.4,301.5,2.1,0.7,0.4,1.2,0.1,0.0,0.0,0.0,14.6,0.1,0.0,0.2,0.0,0.0,A-Game
2018,1,newtoc1,Cam Newton,QB,CAR,DAL,15.3,15,19.5,20.3,33.3,231.9,1.5,1.0,7.2,40.7,0.4,0.0,0.0,0.0,11.2,2.7,0.0,0.2,0.0,0.0,A-Game
2018,1,staffm1,Matthew Stafford,QB,DET,NYJ,17.4,31,19.1,22.2,35.7,276.6,1.9,0.6,3.7,13.4,0.1,0.0,0.0,0.0,13.1,0.9,0.0,0.3,0.0,0.0,A-Game
2018,1,cousik1,Kirk Cousins,QB,MIN,SF,16.9,27,19.1,23.0,35.6,272.8,1.8,0.8,2.8,10.4,0.3,0.0,0.0,0.0,13.1,0.7,0.0,0.2,0.0,0.0,A-Game
2018,1,watsod1,Deshaun Watson,QB,HOU,@NE,18.3,32,18.7,21.3,35.0,251.7,1.6,1.3,4.9,38.3,0.2,0.0,0.0,0.0,12.1,2.5,0.0,0.3,0.0,0.0,A-Game
2018,1,wilsor1,Russell Wilson,QB,SEA,@DEN,14.0,9,17.7,20.3,33.7,242.6,1.4,0.7,6.3,34.1,0.1,0.0,0.0,0.0,11.6,2.2,0.0,0.3,0.0,0.0,A-Game
2018,1,riverp1,Philip Rivers,QB,LAC,KC,16.8,25,17.2,22.0,36.5,294.6,1.8,0.7,0.4,1.1,0.0,0.0,0.0,0.0,13.7,0.1,0.0,0.2,0.0,0.0,A-Game
2018,1,goffj1,Jared Goff,QB,LAR,@OAK,17.2,30,17.1,22.9,34.8,271.6,1.8,0.7,1.0,3.1,0.1,0.0,0.0,0.0,13.0,0.2,0.0,0.2,0.0,0.0,A-Game
2018,1,lucka1,Andrew Luck,QB,IND,CIN,16.8,24,17.1,22.3,36.2,258.2,1.8,1.1,5.6,18.5,0.1,0.0,0.0,0.0,12.5,1.2,0.0,0.3,0.0,0.0,A-Game
2018,1,daltoa1,Andy Dalton,QB,CIN,@IND,16.3,20,17.0,21.3,34.4,267.9,1.5,0.6,2.9,10.1,0.1,0.0,0.0,0.0,12.7,0.7,0.0,0.2,0.0,0.0,A-Game
2018,1,smitha4,Alex Smith,QB,WAS,@ARI,16.6,22,16.9,21.5,34.5,243.2,1.5,0.5,3.1,18.9,0.1,0.0,0.0,0.0,11.8,1.2,0.0,0.3,0.0,0.0,A-Game
2018,1,mariom1,Marcus Mariota,QB,TEN,@MIA,16.7,23,16.8,21.0,33.5,246.7,1.5,1.0,4.3,21.6,0.2,0.0,0.0,0.0,11.9,1.4,0.0,0.2,0.0,0.0,A-Game
2018,1,roethb1,Ben Roethlisberger,QB,PIT,@CLE,17.1,28,16.7,25.0,38.0,281.5,1.9,1.0,0.7,1.9,0.0,0.0,0.0,0.0,13.7,0.1,0.0,0.2,0.0,0.0,A-Game
2018,1,ryanm1,Matt Ryan,QB,ATL,@PHI,14.6,13,16.7,21.9,35.4,279.5,1.6,0.5,1.7,7.6,0.0,0.0,0.0,0.0,13.2,0.5,0.0,0.3,0.0,0.0,A-Game
2018,1,mahomp1,Patrick Mahomes,QB,KC,@LAC,11.9,4,16.7,21.5,34.5,246.7,1.5,1.0,6.1,20.2,0.2,0.0,0.0,0.0,11.9,1.3,0.0,0.3,0.0,0.0,A-Game
2018,1,bortlb1,Blake Bortles,QB,JAX,@NYG,16.5,21,16.6,19.7,32.4,239.6,1.5,0.8,4.6,25.1,0.1,0.0,0.0,0.0,11.4,1.6,0.0,0.3,0.0,0.0,A-Game
2018,1,taylot2,Tyrod Taylor,QB,CLE,PIT,14.8,14,16.5,19.4,34.3,215.2,1.4,0.4,4.7,26.9,0.2,0.0,0.0,0.0,10.5,1.7,0.0,0.3,0.0,0.0,B-Game
2018,1,trubim1,Mitch Trubisky,QB,CHI,@GB,17.1,29,15.9,22.5,34.9,241.4,1.4,0.8,3.5,20.9,0.1,0.0,0.0,0.0,11.9,1.4,0.0,0.3,0.0,0.0,B-Game
2018,1,folesn1,Nick Foles,QB,PHI,ATL,15.7,16,15.8,22.5,35.3,259.5,1.8,0.9,1.9,5.7,0.0,0.0,0.0,0.0,12.5,0.4,0.0,0.3,0.0,0.0,B-Game
2018,1,prescd1,Dak Prescott,QB,DAL,@CAR,14.3,12,15.7,20.2,32.3,225.4,1.3,0.6,2.7,17.2,0.2,0.0,0.0,0.0,11.0,1.1,0.0,0.3,0.0,0.0,B-Game
2018,1,garopj1,Jimmy Garoppolo,QB,SF,@MIN,11.4,2,15.5,22.2,36.3,268.4,1.6,0.8,0.4,1.0,0.1,0.0,0.0,0.0,12.8,0.1,0.0,0.3,0.0,0.0,B-Game
2018,1,keenuc1,Case Keenum,QB,DEN,SEA,13.1,7,15.1,19.9,32.8,245.1,1.4,0.6,2.4,10.3,0.1,0.0,0.0,0.0,11.7,0.7,0.0,0.3,0.0,0.0,B-Game
2018,1,fitzpr1,Ryan Fitzpatrick,QB,TB,@NO,14.2,11,15.0,22.1,36.8,249.9,1.5,1.3,3.0,15.0,0.1,0.0,0.0,0.0,12.1,1.0,0.0,0.3,0.0,0.0,B-Game
2018,1,bradfs1,Sam Bradford,QB,ARI,WAS,14.1,10,14.9,20.4,34.4,257.0,1.5,0.6,0.6,2.3,0.0,0.0,0.0,0.0,12.2,0.2,0.0,0.2,0.0,0.0,B-Game
2018,1,tanner1,Ryan Tannehill,QB,MIA,TEN,16.0,18,14.8,22.6,36.2,251.1,1.5,1.0,3.1,8.9,0.1,0.0,0.0,0.0,12.3,0.6,0.0,0.3,0.0,0.0,B-Game
2018,1,flaccj1,Joe Flacco,QB,BAL,BUF,12.6,6,14.6,21.9,34.0,234.6,1.5,0.9,1.2,3.6,0.2,0.0,0.0,0.0,11.6,0.2,0.0,0.3,0.0,0.0,B-Game
2018,1,carrd2,Derek Carr,QB,OAK,LAR,13.7,8,14.5,21.8,36.2,245.9,1.7,0.9,1.5,4.8,0.0,0.0,0.0,0.0,12.0,0.3,0.0,0.3,0.0,0.0,B-Game
2018,1,darnos1,Sam Darnold,QB,NYJ,@DET,16.9,26,13.4,20.7,33.3,225.9,1.2,0.9,2.3,10.8,0.1,0.0,0.0,0.0,11.1,0.7,0.0,0.3,0.0,0.0,C-Game
2018,1,mannie1,Eli Manning,QB,NYG,JAX,10.8,1,12.7,20.3,34.6,232.9,1.3,0.9,0.5,1.6,0.0,0.0,0.0,0.0,11.3,0.1,0.0,0.3,0.0,0.0,C-Game
2018,1,petern1,Nathan Peterman,QB,BUF,@BAL,11.8,3,11.2,17.6,32.3,206.4,1.0,1.2,4.1,14.2,0.1,0.0,0.0,0.0,9.9,0.9,0.0,0.4,0.0,0.0,C-Game
2018,1,kamara1,Alvin Kamara,RB,NO,TB,18.3,18,24.6,0.0,0.0,0.0,0.0,0.0,13.6,74.9,0.6,5.5,54.3,0.5,0.0,3.8,2.5,0.1,0.0,0.0,A-Game
2018,1,gurlet2,Todd Gurley,RB,LAR,@OAK,17.0,9,24.2,0.0,0.0,0.0,0.0,0.0,19.1,92.0,0.8,4.9,44.8,0.2,0.0,4.6,2.0,0.2,0.0,0.0,A-Game
2018,1,johnsd12,David Johnson,RB,ARI,WAS,20.2,28,22.3,0.0,0.0,0.0,0.0,0.0,20.6,83.9,0.6,4.6,46.3,0.2,0.0,4.2,2.1,0.2,0.0,0.0,A-Game
2018,1,gordom1,Melvin Gordon,RB,LAC,KC,16.7,7,19.2,0.0,0.0,0.0,0.0,0.0,19.3,74.8,0.6,3.7,32.4,0.2,0.0,3.7,1.5,0.2,0.0,0.0,A-Game
2018,1,ellioe1,Ezekiel Elliott,RB,DAL,@CAR,13.4,2,18.7,0.0,0.0,0.0,0.0,0.0,21.1,87.9,0.5,3.5,30.4,0.2,0.0,4.4,1.4,0.2,0.0,0.0,A-Game
2018,1,mccafc1,Christian McCaffrey,RB,CAR,DAL,16.9,8,18.3,0.0,0.0,0.0,0.0,0.0,16.1,62.3,0.3,5.0,40.6,0.3,0.0,3.1,1.9,0.1,0.0,0.0,A-Game
2018,1,barkls1,Saquon Barkley,RB,NYG,JAX,18.6,19,17.1,0.0,0.0,0.0,0.0,0.0,19.1,77.6,0.5,3.8,24.5,0.1,0.0,3.9,1.1,0.2,0.0,0.0,A-Game
2018,1,huntk1,Kareem Hunt,RB,KC,@LAC,18.8,22,16.1,0.0,0.0,0.0,0.0,0.0,14.4,77.8,0.5,2.8,21.0,0.2,0.0,3.9,1.0,0.1,0.0,0.0,A-Game
2018,1,fournl1,Leonard Fournette,RB,JAX,@NYG,18.8,23,15.9,0.0,0.0,0.0,0.0,0.0,20.3,76.5,0.6,2.5,21.6,0.1,0.0,3.8,1.0,0.2,0.0,0.0,A-Game
2018,1,cookd1,Dalvin Cook,RB,MIN,SF,19.4,26,15.5,0.0,0.0,0.0,0.0,0.0,14.7,71.9,0.3,3.2,24.6,0.1,0.0,3.6,1.1,0.1,0.0,0.0,A-Game
2018,1,mixonj1,Joe Mixon,RB,CIN,@IND,20.6,31,15.4,0.0,0.0,0.0,0.0,0.0,16.0,64.8,0.5,2.9,29.5,0.1,0.0,3.2,1.3,0.1,0.0,0.0,A-Game
2018,1,mccoyl2,LeSean McCoy,RB,BUF,@BAL,20.5,30,14.9,0.0,0.0,0.0,0.0,0.0,17.0,70.9,0.4,3.0,22.7,0.1,0.0,3.6,1.0,0.2,0.0,0.0,A-Game
2018,1,drakek1,Kenyan Drake,RB,MIA,TEN,17.4,13,14.7,0.0,0.0,0.0,0.0,0.0,12.9,59.2,0.4,3.4,25.1,0.1,0.0,3.0,1.2,0.1,0.0,0.0,A-Game
2018,1,collia2,Alex Collins,RB,BAL,BUF,19.2,24,14.4,0.0,0.0,0.0,0.0,0.0,17.2,77.2,0.5,2.0,16.4,0.1,0.0,3.9,0.8,0.1,0.0,0.0,A-Game
2018,1,connej2,James Conner,RB,PIT,@CLE,17.9,15,13.9,0.0,0.0,0.0,0.0,0.0,15.4,62.5,0.5,2.5,19.7,0.1,0.0,3.1,0.9,0.1,0.0,0.0,B-Game
2018,1,freemd1,Devonta Freeman,RB,ATL,@PHI,14.6,3,13.9,0.0,0.0,0.0,0.0,0.0,12.8,57.4,0.4,3.0,26.5,0.1,0.0,2.9,1.2,0.1,0.0,0.0,B-Game
2018,1,millel2,Lamar Miller,RB,HOU,@NE,18.3,16,13.6,0.0,0.0,0.0,0.0,0.0,16.4,63.5,0.3,2.5,22.7,0.1,0.0,3.2,1.0,0.1,0.0,0.0,B-Game
2018,1,howarj1,Jordan Howard,RB,CHI,@GB,18.7,21,13.6,0.0,0.0,0.0,0.0,0.0,18.2,73.1,0.4,2.3,14.5,0.1,0.0,3.7,0.7,0.2,0.0,0.0,B-Game
2018,1,burkhr1,Rex Burkhead,RB,NE,HOU,17.3,11,13.5,0.0,0.0,0.0,0.0,0.0,8.5,38.0,0.5,3.0,26.6,0.2,0.0,1.9,1.2,0.1,0.0,0.0,B-Game
2018,1,ajayij1,Jay Ajayi,RB,PHI,ATL,16.1,5,12.8,0.0,0.0,0.0,0.0,0.0,15.1,63.4,0.4,2.0,15.6,0.1,0.0,3.2,0.7,0.1,0.0,0.0,B-Game
2018,1,willij10,Jamaal Williams,RB,GB,CHI,17.6,14,12.6,0.0,0.0,0.0,0.0,0.0,16.5,66.4,0.5,1.8,11.0,0.1,0.0,3.3,0.5,0.1,0.0,0.0,B-Game
2018,1,whitej4,James White,RB,NE,HOU,17.3,11,12.4,0.0,0.0,0.0,0.0,0.0,4.4,19.0,0.1,4.5,37.0,0.3,0.0,1.0,1.7,0.1,0.0,0.0,B-Game
2018,1,barbep1,Peyton Barber,RB,TB,@NO,17.2,10,12.4,0.0,0.0,0.0,0.0,0.0,13.7,56.0,0.3,2.5,20.0,0.1,0.0,2.8,0.9,0.1,0.0,0.0,B-Game
2018,1,powelb1,Bilal Powell,RB,NYJ,@DET,20.3,29,12.1,0.0,0.0,0.0,0.0,0.0,12.1,52.2,0.2,3.1,22.6,0.1,0.0,2.6,1.0,0.1,0.0,0.0,B-Game
2018,1,freemr1,Royce Freeman,RB,DEN,SEA,17.4,12,12.0,0.0,0.0,0.0,0.0,0.0,17.4,69.0,0.5,1.2,7.4,0.0,0.0,3.5,0.3,0.1,0.0,0.0,B-Game
2018,1,cohent1,Tarik Cohen,RB,CHI,@GB,18.7,21,11.9,0.0,0.0,0.0,0.0,0.0,3.9,16.5,0.1,5.0,38.6,0.2,0.0,0.8,1.8,0.1,0.0,0.0,B-Game
2018,1,thompc1,Chris Thompson,RB,WAS,@ARI,15.9,4,11.8,0.0,0.0,0.0,0.0,0.0,4.9,23.3,0.1,3.7,36.5,0.2,0.0,1.2,1.7,0.1,0.0,0.0,B-Game
2018,1,henryd1,Derrick Henry,RB,TEN,@MIA,19.3,25,11.7,0.0,0.0,0.0,0.0,0.0,15.7,64.8,0.5,1.3,9.9,0.0,0.0,3.2,0.5,0.1,0.0,0.0,B-Game
2018,1,lynchm1,Marshawn Lynch,RB,OAK,LAR,20.8,32,11.7,0.0,0.0,0.0,0.0,0.0,13.2,62.1,0.5,1.5,9.8,0.1,0.0,3.1,0.5,0.1,0.0,0.0,B-Game
2018,1,hydec1,Carlos Hyde,RB,CLE,PIT,18.3,17,11.7,0.0,0.0,0.0,0.0,0.0,15.5,68.8,0.3,1.6,10.8,0.1,0.0,3.4,0.5,0.2,0.0,0.0,B-Game
2018,1,lewisd1,Dion Lewis,RB,TEN,@MIA,19.3,25,11.3,0.0,0.0,0.0,0.0,0.0,8.1,39.4,0.2,3.2,22.2,0.1,0.0,2.0,1.0,0.1,0.0,0.0,B-Game
2018,1,johnsd11,Duke Johnson,RB,CLE,PIT,18.3,17,10.8,0.0,0.0,0.0,0.0,0.0,4.6,22.1,0.2,3.4,29.0,0.2,0.0,1.1,1.3,0.1,0.0,0.0,B-Game
2018,1,breidm1,Matt Breida,RB,SF,@MIN,12.0,1,10.2,0.0,0.0,0.0,0.0,0.0,9.8,38.3,0.2,2.9,21.5,0.1,0.0,1.9,1.0,0.1,0.0,0.0,C-Game
2018,1,montgt1,Ty Montgomery,RB,GB,CHI,17.6,14,10.1,0.0,0.0,0.0,0.0,0.0,6.3,26.8,0.3,3.0,20.7,0.1,0.0,1.3,1.0,0.1,0.0,0.0,C-Game
2018,1,carsoc1,Chris Carson,RB,SEA,@DEN,16.3,6,10.0,0.0,0.0,0.0,0.0,0.0,11.2,41.9,0.2,2.2,18.2,0.1,0.0,2.1,0.8,0.1,0.0,0.0,C-Game
2018,1,colemt1,Tevin Coleman,RB,ATL,@PHI,14.6,3,9.4,0.0,0.0,0.0,0.0,0.0,9.6,39.5,0.2,1.6,19.6,0.1,0.0,2.0,0.9,0.1,0.0,0.0,C-Game
2018,1,riddit1,Theo Riddick,RB,DET,NYJ,18.6,20,9.4,0.0,0.0,0.0,0.0,0.0,5.1,18.9,0.1,3.1,27.7,0.2,0.0,0.9,1.3,0.1,0.0,0.0,C-Game
2018,1,bernag1,Giovani Bernard,RB,CIN,@IND,20.6,31,9.4,0.0,0.0,0.0,0.0,0.0,6.2,31.3,0.1,2.7,25.5,0.1,0.0,1.6,1.2,0.1,0.0,0.0,C-Game
2018,1,mackm1,Marlon Mack,RB,IND,CIN,20.0,27,9.0,0.0,0.0,0.0,0.0,0.0,8.7,37.0,0.3,1.8,12.9,0.1,0.0,1.9,0.6,0.1,0.0,0.0,C-Game
2018,1,petera2,Adrian Peterson,RB,WAS,@ARI,15.9,4,8.8,0.0,0.0,0.0,0.0,0.0,14.2,50.3,0.4,1.0,7.3,0.0,0.0,2.5,0.3,0.1,0.0,0.0,C-Game
2018,1,booked1,Devontae Booker,RB,DEN,SEA,17.4,12,8.8,0.0,0.0,0.0,0.0,0.0,8.4,33.6,0.2,2.2,19.6,0.1,0.0,1.7,0.9,0.1,0.0,0.0,C-Game
2018,1,crowei1,Isaiah Crowell,RB,NYJ,@DET,20.3,29,8.8,0.0,0.0,0.0,0.0,0.0,11.4,47.1,0.3,1.3,7.9,0.0,0.0,2.4,0.4,0.1,0.0,0.0,C-Game
2018,1,johnsk2,Kerryon Johnson,RB,DET,NYJ,18.6,20,8.4,0.0,0.0,0.0,0.0,0.0,9.7,39.5,0.3,1.6,11.1,0.1,0.0,2.0,0.5,0.1,0.0,0.0,C-Game
2018,1,murral1,Latavius Murray,RB,MIN,SF,19.4,26,7.9,0.0,0.0,0.0,0.0,0.0,10.0,39.6,0.3,1.2,9.5,0.0,0.0,2.0,0.4,0.1,0.0,0.0,C-Game
2018,1,morria1,Alfred Morris,RB,SF,@MIN,12.0,1,7.9,0.0,0.0,0.0,0.0,0.0,12.2,51.2,0.3,0.7,5.4,0.0,0.0,2.6,0.2,0.1,0.0,0.0,C-Game
2018,1,allenj2,Javorius Allen,RB,BAL,BUF,19.2,24,7.7,0.0,0.0,0.0,0.0,0.0,5.8,21.9,0.1,2.5,18.8,0.1,0.0,1.1,0.9,0.1,0.0,0.0,C-Game
2018,1,ekelea1,Austin Ekeler,RB,LAC,KC,16.7,7,7.5,0.0,0.0,0.0,0.0,0.0,4.9,26.8,0.2,1.5,14.7,0.1,0.0,1.3,0.7,0.0,0.0,0.0,C-Game
2018,1,clemec1,Corey Clement,RB,PHI,ATL,16.1,5,7.3,0.0,0.0,0.0,0.0,0.0,7.6,32.8,0.3,1.0,9.1,0.1,0.0,1.6,0.4,0.1,0.0,0.0,C-Game
2018,1,wilkij2,Jordan Wilkins,RB,IND,CIN,20.0,27,6.8,0.0,0.0,0.0,0.0,0.0,6.4,26.4,0.3,1.3,10.3,0.1,0.0,1.3,0.5,0.1,0.0,0.0,C-Game
2018,1,goref1,Frank Gore,RB,MIA,TEN,17.4,13,6.4,0.0,0.0,0.0,0.0,0.0,6.3,21.9,0.1,1.8,12.6,0.1,0.0,1.1,0.6,0.1,0.0,0.0,C-Game
2018,1,sprold1,Darren Sproles,RB,PHI,ATL,16.1,5,6.3,0.0,0.0,0.0,0.0,0.0,2.8,11.3,0.1,2.2,19.5,0.1,0.0,0.6,0.9,0.0,0.0,0.0,C-Game
2018,1,edmonc1,Chase Edmonds,RB,ARI,WAS,20.2,28,6.2,0.0,0.0,0.0,0.0,0.0,5.2,26.4,0.1,1.4,10.3,0.1,0.0,1.3,0.5,0.1,0.0,0.0,C-Game
2018,1,hillj5,Jeremy Hill,RB,NE,HOU,17.3,11,6.1,0.0,0.0,0.0,0.0,0.0,12.4,42.2,0.3,0.0,0.0,0.0,0.0,2.1,0.0,0.1,0.0,0.0,C-Game
2018,1,martid2,Doug Martin,RB,OAK,LAR,20.8,32,6.1,0.0,0.0,0.0,0.0,0.0,7.8,25.5,0.2,1.3,8.6,0.0,0.0,1.3,0.4,0.1,0.0,0.0,C-Game
2018,1,hinesn1,Nyheim Hines,RB,IND,CIN,20.0,27,5.9,0.0,0.0,0.0,0.0,0.0,3.3,13.7,0.1,2.0,15.5,0.1,0.0,0.7,0.7,0.0,0.0,0.0,C-Game
2018,1,pennyr1,Rashaad Penny,RB,SEA,@DEN,16.3,6,5.9,0.0,0.0,0.0,0.0,0.0,5.1,16.8,0.1,1.8,14.6,0.1,0.0,0.8,0.7,0.1,0.0,0.0,C-Game
2018,1,gallmw1,Wayne Gallman,RB,NYG,JAX,18.6,19,5.6,0.0,0.0,0.0,0.0,0.0,4.8,22.4,0.1,1.4,10.5,0.0,0.0,1.1,0.5,0.1,0.0,0.0,C-Game
2018,1,juszck1,Kyle Juszczyk,RB,SF,@MIN,12.0,1,5.5,0.0,0.0,0.0,0.0,0.0,0.5,2.0,0.0,2.4,22.8,0.1,0.0,0.1,1.0,0.0,0.0,0.0,C-Game
2018,1,kellyj1,John Kelly,RB,LAR,@OAK,17.0,9,5.3,0.0,0.0,0.0,0.0,0.0,6.7,25.9,0.1,1.1,8.1,0.0,0.0,1.3,0.4,0.1,0.0,0.0,C-Game
2018,1,gillim1,Mike Gillislee,RB,NO,TB,18.3,18,5.1,0.0,0.0,0.0,0.0,0.0,7.2,24.0,0.2,0.8,6.0,0.0,0.0,1.2,0.3,0.0,0.0,0.0,C-Game
2018,1,blounl1,LeGarrette Blount,RB,DET,NYJ,18.6,20,5.1,0.0,0.0,0.0,0.0,0.0,7.2,34.5,0.2,0.2,1.4,0.0,0.0,1.7,0.1,0.1,0.0,0.0,C-Game
2018,1,prosic1,C.J. Prosise,RB,SEA,@DEN,16.3,6,5.0,0.0,0.0,0.0,0.0,0.0,2.4,6.3,0.0,2.0,17.0,0.1,0.0,0.3,0.8,0.0,0.0,0.0,C-Game
2018,1,ridles1,Stevan Ridley,RB,PIT,@CLE,17.9,15,4.9,0.0,0.0,0.0,0.0,0.0,6.5,24.2,0.2,0.8,5.6,0.0,0.0,1.2,0.3,0.0,0.0,0.0,C-Game
2018,1,wares1,Spencer Ware,RB,KC,@LAC,18.8,22,4.9,0.0,0.0,0.0,0.0,0.0,5.0,20.8,0.1,1.1,7.4,0.0,0.0,1.0,0.3,0.1,0.0,0.0,C-Game
2018,1,dixonk1,Kenneth Dixon,RB,BAL,BUF,19.2,24,4.6,0.0,0.0,0.0,0.0,0.0,5.1,18.9,0.1,1.1,7.0,0.0,0.0,0.9,0.3,0.0,0.0,0.0,C-Game
2018,1,yeldot1,T.J. Yeldon,RB,JAX,@NYG,18.8,23,4.5,0.0,0.0,0.0,0.0,0.0,3.2,15.8,0.1,1.2,8.4,0.1,0.0,0.8,0.4,0.0,0.0,0.0,C-Game
2018,1,samuej1,Jaylen Samuels,RB,PIT,@CLE,17.9,15,4.4,0.0,0.0,0.0,0.0,0.0,1.4,4.7,0.1,2.0,14.1,0.0,0.0,0.2,0.6,0.0,0.0,0.0,C-Game
2018,1,washid1,DeAndre Washington,RB,OAK,LAR,20.8,32,4.1,0.0,0.0,0.0,0.0,0.0,2.3,7.4,0.1,1.7,9.8,0.1,0.0,0.4,0.5,0.0,0.0,0.0,C-Game
2018,1,anderc2,C.J. Anderson,RB,CAR,DAL,16.9,8,4.1,0.0,0.0,0.0,0.0,0.0,4.8,20.4,0.2,0.6,3.5,0.0,0.0,1.0,0.2,0.0,0.0,0.0,C-Game
2018,1,smithr4,Rod Smith,RB,DAL,@CAR,13.4,2,4.1,0.0,0.0,0.0,0.0,0.0,2.8,12.3,0.1,1.2,10.1,0.0,0.0,0.6,0.5,0.0,0.0,0.0,C-Game
2018,1,ivoryc1,Chris Ivory,RB,BUF,@BAL,20.5,30,4.0,0.0,0.0,0.0,0.0,0.0,5.3,19.1,0.1,0.9,6.2,0.0,0.0,1.0,0.3,0.1,0.0,0.0,C-Game
2018,1,jonesr1,Ronald Jones,RB,TB,@NO,17.2,10,3.7,0.0,0.0,0.0,0.0,0.0,4.8,19.0,0.1,0.7,5.0,0.0,0.0,1.0,0.2,0.0,0.0,0.0,C-Game
2018,1,rodgej1,Jacquizz Rodgers,RB,TB,@NO,17.2,10,3.5,0.0,0.0,0.0,0.0,0.0,1.6,6.5,0.0,1.7,10.0,0.0,0.0,0.3,0.5,0.0,0.0,0.0,C-Game
2018,1,willij8,Jonathan Williams,RB,NO,TB,18.3,18,3.4,0.0,0.0,0.0,0.0,0.0,4.6,15.6,0.2,0.5,3.0,0.0,0.0,0.8,0.1,0.0,0.0,0.0,C-Game
2018,1,michac1,Christine Michael,RB,IND,CIN,20.0,27,3.1,0.0,0.0,0.0,0.0,0.0,2.4,10.0,0.1,0.9,7.7,0.0,0.0,0.5,0.4,0.0,0.0,0.0,C-Game
2018,1,ervint1,Tyler Ervin,RB,HOU,@NE,18.3,16,3.0,0.0,0.0,0.0,0.0,0.0,0.8,2.4,0.0,1.4,10.1,0.0,0.0,0.1,0.5,0.0,0.0,0.0,C-Game
2018,1,richaj1,Jalen Richard,RB,OAK,LAR,20.8,32,3.0,0.0,0.0,0.0,0.0,0.0,1.2,6.4,0.0,1.1,7.4,0.0,0.0,0.3,0.3,0.0,0.0,0.0,C-Game
2018,1,bluea1,Alfred Blue,RB,HOU,@NE,18.3,16,2.5,0.0,0.0,0.0,0.0,0.0,3.8,14.4,0.1,0.4,2.5,0.0,0.0,0.7,0.1,0.0,0.0,0.0,C-Game
2018,1,moster1,Raheem Mostert,RB,SF,@MIN,12.0,1,2.2,0.0,0.0,0.0,0.0,0.0,1.1,5.0,0.0,0.9,5.4,0.0,0.0,0.2,0.2,0.0,0.0,0.0,C-Game
2018,1,grantc1,Corey Grant,RB,JAX,@NYG,18.8,23,2.2,0.0,0.0,0.0,0.0,0.0,1.8,13.8,0.1,0.2,1.2,0.0,0.0,0.7,0.1,0.0,0.0,0.0,C-Game
2018,1,murphm2,Marcus Murphy,RB,BUF,@BAL,20.5,30,1.9,0.0,0.0,0.0,0.0,0.0,0.8,4.9,0.0,0.7,5.2,0.0,0.0,0.2,0.2,0.0,0.0,0.0,C-Game
2018,1,ballak1,Kalen Ballage,RB,MIA,TEN,17.4,13,1.9,0.0,0.0,0.0,0.0,0.0,2.5,8.9,0.1,0.5,2.5,0.0,0.0,0.4,0.1,0.0,0.0,0.0,C-Game
2018,1,janova1,Andy Janovich,RB,DEN,SEA,17.4,12,1.9,0.0,0.0,0.0,0.0,0.0,0.4,1.1,0.0,0.8,6.1,0.0,0.0,0.1,0.3,0.0,0.0,0.0,C-Game
2018,1,davism3,Mike Davis,RB,SEA,@DEN,16.3,6,1.8,0.0,0.0,0.0,0.0,0.0,0.7,2.1,0.0,0.8,6.1,0.0,0.0,0.1,0.3,0.0,0.0,0.0,C-Game
2018,1,abdula1,Ameer Abdullah,RB,DET,NYJ,18.6,20,1.8,0.0,0.0,0.0,0.0,0.0,0.6,2.2,0.0,0.7,5.5,0.0,0.0,0.1,0.3,0.0,0.0,0.0,C-Game
2018,1,stewaj3,Jonathan Stewart,RB,NYG,JAX,18.6,19,1.6,0.0,0.0,0.0,0.0,0.0,1.5,5.5,0.1,0.4,2.3,0.0,0.0,0.3,0.1,0.0,0.0,0.0,C-Game
2018,1,marshb2,Byron Marshall,RB,WAS,@ARI,15.9,4,1.6,0.0,0.0,0.0,0.0,0.0,2.0,7.6,0.0,0.3,2.4,0.0,0.0,0.4,0.1,0.0,0.0,0.0,C-Game
2018,1,willid9,Damien Williams,RB,KC,@LAC,18.8,22,1.5,0.0,0.0,0.0,0.0,0.0,0.6,2.4,0.0,0.6,4.9,0.0,0.0,0.1,0.2,0.0,0.0,0.0,C-Game
2018,1,cannot1,Trenton Cannon,RB,NYJ,@DET,20.3,29,1.5,0.0,0.0,0.0,0.0,0.0,0.9,3.4,0.0,0.6,4.5,0.0,0.0,0.2,0.2,0.0,0.0,0.0,C-Game
2018,1,smithi1,Ito Smith,RB,ATL,@PHI,14.6,3,1.2,0.0,0.0,0.0,0.0,0.0,1.0,3.8,0.0,0.4,2.8,0.0,0.0,0.2,0.1,0.0,0.0,0.0,C-Game
2018,1,chubbn1,Nick Chubb,RB,CLE,PIT,18.3,17,1.2,0.0,0.0,0.0,0.0,0.0,2.9,12.3,0.0,0.0,0.0,0.0,0.0,0.6,0.0,0.0,0.0,0.0,C-Game
2018,1,lindsp1,Phillip Lindsay,RB,DEN,SEA,17.4,12,1.2,0.0,0.0,0.0,0.0,0.0,0.0,0.0,0.0,0.6,4.9,0.0,0.0,0.0,0.2,0.0,0.0,0.0,C-Game
2018,1,dimarp1,Patrick DiMarco,RB,BUF,@BAL,20.5,30,1.0,0.0,0.0,0.0,0.0,0.0,0.0,0.0,0.0,0.6,4.1,0.0,0.0,0.0,0.2,0.0,0.0,0.0,C-Game
2018,1,bohant1,Tommy Bohanon,RB,JAX,@NYG,18.8,23,1.0,0.0,0.0,0.0,0.0,0.0,0.2,0.7,0.1,0.3,2.4,0.0,0.0,0.0,0.1,0.0,0.0,0.0,C-Game
2018,1,keller1,Rob Kelley,RB,WAS,@ARI,15.9,4,0.9,0.0,0.0,0.0,0.0,0.0,1.5,4.9,0.1,0.0,0.0,0.0,0.0,0.2,0.0,0.0,0.0,0.0,C-Game
2018,1,cunnib2,Benny Cunningham,RB,CHI,@GB,18.7,21,0.8,0.0,0.0,0.0,0.0,0.0,0.0,0.0,0.0,0.5,2.4,0.0,0.0,0.0,0.1,0.0,0.0,0.0,C-Game
2018,1,hamc1,C.J. Ham,RB,MIN,SF,19.4,26,0.7,0.0,0.0,0.0,0.0,0.0,0.0,0.0,0.0,0.5,2.7,0.0,0.0,0.0,0.1,0.0,0.0,0.0,C-Game
2018,1,newsod1,Detrez Newsome,RB,LAC,KC,16.7,7,0.7,0.0,0.0,0.0,0.0,0.0,0.6,2.2,0.0,0.2,1.5,0.0,0.0,0.1,0.1,0.0,0.0,0.0,C-Game
2018,1,linez1,Zach Line,RB,NO,TB,18.3,18,0.7,0.0,0.0,0.0,0.0,0.0,0.3,1.2,0.0,0.3,1.5,0.0,0.0,0.1,0.1,0.0,0.0,0.0,C-Game
2018,1,sherma1,Anthony Sherman,RB,KC,@LAC,18.8,22,0.7,0.0,0.0,0.0,0.0,0.0,0.0,0.0,0.0,0.3,2.5,0.0,0.0,0.0,0.1,0.0,0.0,0.0,C-Game
2018,1,jonest2,Taiwan Jones,RB,BUF,@BAL,20.5,30,0.6,0.0,0.0,0.0,0.0,0.0,0.0,0.0,0.0,0.4,2.1,0.0,0.0,0.0,0.1,0.0,0.0,0.0,C-Game
2018,1,waltom1,Mark Walton,RB,CIN,@IND,20.6,31,0.5,0.0,0.0,0.0,0.0,0.0,1.3,5.6,0.0,0.0,0.0,0.0,0.0,0.3,0.0,0.0,0.0,0.0,C-Game
2018,1,fosted2,D.J. Foster,RB,ARI,WAS,20.2,28,0.2,0.0,0.0,0.0,0.0,0.0,0.5,2.3,0.0,0.0,0.0,0.0,0.0,0.1,0.0,0.0,0.0,0.0,C-Game
2018,1,wattd1,Derek Watt,RB,LAC,KC,16.7,7,0.1,0.0,0.0,0.0,0.0,0.0,0.3,1.1,0.0,0.0,0.0,0.0,0.0,0.1,0.0,0.0,0.0,0.0,C-Game
2018,1,browna4,Antonio Brown,WR,PIT,@CLE,17.3,8,21.8,0.0,0.0,0.0,0.0,0.0,0.0,0.0,0.0,8.0,101.3,0.6,0.0,0.0,5.0,0.1,0.0,0.0,A-Game
2018,1,hopkid1,DeAndre Hopkins,WR,HOU,@NE,23.4,30,19.1,0.0,0.0,0.0,0.0,0.0,0.0,0.0,0.0,6.9,86.8,0.6,0.0,0.0,4.3,0.1,0.0,0.0,A-Game
2018,1,jonesj6,Julio Jones,WR,ATL,@PHI,21.7,28,17.6,0.0,0.0,0.0,0.0,0.0,0.1,1.1,0.0,5.7,96.4,0.4,0.0,0.0,4.2,0.0,0.0,0.0,A-Game
2018,1,greena2,A.J. Green,WR,CIN,@IND,20.8,25,17.4,0.0,0.0,0.0,0.0,0.0,0.0,0.0,0.0,5.6,87.1,0.5,0.0,0.0,4.0,0.0,0.0,0.0,A-Game
2018,1,thomam4,Michael Thomas,WR,NO,TB,23.4,31,17.1,0.0,0.0,0.0,0.0,0.0,0.0,0.0,0.0,6.4,79.9,0.5,0.0,0.0,4.0,0.0,0.0,0.0,A-Game
2018,1,allenk1,Keenan Allen,WR,LAC,KC,23.6,32,16.8,0.0,0.0,0.0,0.0,0.0,0.0,0.0,0.0,6.3,82.5,0.4,0.0,0.0,4.0,0.0,0.0,0.0,A-Game
2018,1,fitzgl1,Larry Fitzgerald,WR,ARI,WAS,16.7,5,16.3,0.0,0.0,0.0,0.0,0.0,0.0,0.0,0.0,6.3,74.5,0.4,0.0,0.0,3.8,0.0,0.0,0.0,A-Game
2018,1,beckho1,Odell Beckham,WR,NYG,JAX,14.3,1,15.3,0.0,0.0,0.0,0.0,0.0,0.3,2.2,0.0,5.1,73.3,0.5,0.0,0.1,3.4,0.0,0.0,0.0,A-Game
2018,1,adamsd2,Davante Adams,WR,GB,CHI,17.6,9,15.3,0.0,0.0,0.0,0.0,0.0,0.0,0.0,0.0,5.0,67.6,0.6,0.0,0.0,3.2,0.0,0.0,0.0,A-Game
2018,1,thiela1,Adam Thielen,WR,MIN,SF,20.4,20,15.2,0.0,0.0,0.0,0.0,0.0,0.0,0.0,0.0,5.5,84.6,0.2,0.0,0.0,3.9,0.0,0.0,0.0,A-Game
2018,1,hiltot1,T.Y. Hilton,WR,IND,CIN,17.3,7,14.9,0.0,0.0,0.0,0.0,0.0,0.0,0.0,0.0,5.1,74.9,0.4,0.0,0.0,3.5,0.0,0.0,0.0,A-Game
2018,1,diggss1,Stefon Diggs,WR,MIN,SF,20.4,20,14.8,0.0,0.0,0.0,0.0,0.0,0.0,0.0,0.0,4.7,62.7,0.7,0.0,0.0,3.0,0.0,0.0,0.0,A-Game
2018,1,evansm1,Mike Evans,WR,TB,@NO,19.0,14,14.8,0.0,0.0,0.0,0.0,0.0,0.0,0.0,0.0,5.3,72.5,0.4,0.0,0.0,3.5,0.0,0.0,0.0,A-Game
2018,1,hillt1,Tyreek Hill,WR,KC,@LAC,18.6,11,14.3,0.0,0.0,0.0,0.0,0.0,0.8,3.7,0.0,4.6,70.3,0.4,0.0,0.2,3.2,0.0,0.0,0.0,A-Game
2018,1,hoganc1,Chris Hogan,WR,NE,HOU,20.7,24,14.2,0.0,0.0,0.0,0.0,0.0,0.3,1.6,0.0,4.6,60.7,0.6,0.0,0.1,3.0,0.0,0.0,0.0,A-Game
2018,1,tateg1,Golden Tate,WR,DET,NYJ,20.6,22,14.1,0.0,0.0,0.0,0.0,0.0,0.4,1.7,0.0,5.4,66.4,0.3,0.0,0.1,3.3,0.0,0.0,0.0,A-Game
2018,1,landrj1,Jarvis Landry,WR,CLE,PIT,20.1,17,13.5,0.0,0.0,0.0,0.0,0.0,0.0,0.0,0.0,5.4,61.3,0.3,0.0,0.0,3.2,0.0,0.0,0.0,A-Game
2018,1,thomad5,Demaryius Thomas,WR,DEN,SEA,20.1,18,13.4,0.0,0.0,0.0,0.0,0.0,0.0,0.0,0.0,4.8,64.9,0.4,0.0,0.0,3.1,0.0,0.0,0.0,A-Game
2018,1,smithj5,JuJu Smith-Schuster,WR,PIT,@CLE,17.3,8,13.3,0.0,0.0,0.0,0.0,0.0,0.0,0.0,0.0,4.1,63.3,0.5,0.0,0.0,2.9,0.0,0.0,0.0,A-Game
2018,1,baldwd1,Doug Baldwin,WR,SEA,@DEN,16.7,4,13.2,0.0,0.0,0.0,0.0,0.0,0.0,0.0,0.0,4.6,60.6,0.4,0.0,0.0,2.9,0.0,0.0,0.0,A-Game
2018,1,sandee1,Emmanuel Sanders,WR,DEN,SEA,20.1,18,13.0,0.0,0.0,0.0,0.0,0.0,0.0,0.0,0.0,4.7,63.7,0.3,0.0,0.0,3.1,0.0,0.0,0.0,A-Game
2018,1,crabtm1,Michael Crabtree,WR,BAL,BUF,16.4,3,12.9,0.0,0.0,0.0,0.0,0.0,0.0,0.0,0.0,4.9,57.5,0.4,0.0,0.0,3.0,0.0,0.0,0.0,A-Game
2018,1,cooksb1,Brandin Cooks,WR,LAR,@OAK,20.9,26,12.9,0.0,0.0,0.0,0.0,0.0,0.5,2.5,0.0,3.9,59.8,0.5,0.0,0.1,2.7,0.0,0.0,0.0,A-Game
2018,1,robina3,Allen Robinson,WR,CHI,@GB,23.2,29,12.8,0.0,0.0,0.0,0.0,0.0,0.0,0.0,0.0,4.6,61.6,0.4,0.0,0.0,3.0,0.0,0.0,0.0,A-Game
2018,1,anderr2,Robby Anderson,WR,NYJ,@DET,20.3,19,12.8,0.0,0.0,0.0,0.0,0.0,0.0,0.0,0.0,4.5,62.1,0.4,0.0,0.0,3.0,0.0,0.0,0.0,A-Game
2018,1,coopea1,Amari Cooper,WR,OAK,LAR,18.9,13,12.7,0.0,0.0,0.0,0.0,0.0,0.0,0.0,0.0,4.7,63.9,0.3,0.0,0.0,3.1,0.0,0.0,0.0,A-Game
2018,1,agholn1,Nelson Agholor,WR,PHI,ATL,18.8,12,12.4,0.0,0.0,0.0,0.0,0.0,0.0,0.0,0.0,4.5,55.8,0.4,0.0,0.0,2.8,0.0,0.0,0.0,A-Game
2018,1,cobbr1,Randall Cobb,WR,GB,CHI,17.6,9,12.3,0.0,0.0,0.0,0.0,0.0,0.0,0.0,0.0,4.5,53.8,0.4,0.0,0.0,2.7,0.0,0.0,0.0,A-Game
2018,1,davisc7,Corey Davis,WR,TEN,@MIA,17.6,10,12.2,0.0,0.0,0.0,0.0,0.0,0.0,0.0,0.0,4.2,58.0,0.4,0.0,0.0,2.8,0.0,0.0,0.0,A-Game
2018,1,stillk1,Kenny Stills,WR,MIA,TEN,19.6,15,12.1,0.0,0.0,0.0,0.0,0.0,0.0,0.0,0.0,4.0,60.3,0.4,0.0,0.0,2.8,0.0,0.0,0.0,A-Game
2018,1,woodsr1,Robert Woods,WR,LAR,@OAK,20.9,26,12.0,0.0,0.0,0.0,0.0,0.0,0.0,0.0,0.0,4.4,54.3,0.4,0.0,0.0,2.7,0.0,0.0,0.0,A-Game
2018,1,jonesm3,Marvin Jones,WR,DET,NYJ,20.6,22,11.8,0.0,0.0,0.0,0.0,0.0,0.0,0.0,0.0,3.1,60.8,0.4,0.0,0.0,2.5,0.0,0.0,0.0,A-Game
2018,1,crowdj1,Jamison Crowder,WR,WAS,@ARI,20.7,23,11.8,0.0,0.0,0.0,0.0,0.0,0.4,2.2,0.0,4.4,53.5,0.3,0.0,0.1,2.7,0.0,0.0,0.0,A-Game
2018,1,kuppc1,Cooper Kupp,WR,LAR,@OAK,20.9,26,11.7,0.0,0.0,0.0,0.0,0.0,0.0,0.0,0.0,4.2,53.0,0.4,0.0,0.0,2.6,0.0,0.0,0.0,A-Game
2018,1,funchd1,Devin Funchess,WR,CAR,DAL,20.4,21,11.2,0.0,0.0,0.0,0.0,0.0,0.0,0.0,0.0,3.7,51.0,0.4,0.0,0.0,2.5,0.0,0.0,0.0,A-Game
2018,1,goodwm1,Marquise Goodwin,WR,SF,@MIN,16.7,6,11.2,0.0,0.0,0.0,0.0,0.0,0.2,2.0,0.0,3.6,57.7,0.3,0.0,0.1,2.6,0.0,0.0,0.0,A-Game
2018,1,locket1,Tyler Lockett,WR,SEA,@DEN,16.7,4,10.8,0.0,0.0,0.0,0.0,0.0,0.7,3.7,0.0,3.7,52.2,0.3,0.0,0.2,2.5,0.0,0.0,0.0,B-Game
2018,1,amendd1,Danny Amendola,WR,MIA,TEN,19.6,15,10.8,0.0,0.0,0.0,0.0,0.0,0.0,0.0,0.0,4.4,47.7,0.3,0.0,0.0,2.6,0.0,0.0,0.0,B-Game
2018,1,garcop1,Pierre Garcon,WR,SF,@MIN,16.7,6,10.7,0.0,0.0,0.0,0.0,0.0,0.0,0.0,0.0,3.9,52.3,0.3,0.0,0.0,2.5,0.0,0.0,0.0,B-Game
2018,1,colek1,Keelan Cole,WR,JAX,@NYG,19.6,16,10.7,0.0,0.0,0.0,0.0,0.0,0.0,0.0,0.0,3.4,53.9,0.3,0.0,0.0,2.4,0.0,0.0,0.0,B-Game
2018,1,nelsoj1,Jordy Nelson,WR,OAK,LAR,18.9,13,10.6,0.0,0.0,0.0,0.0,0.0,0.0,0.0,0.0,3.7,45.5,0.4,0.0,0.0,2.3,0.0,0.0,0.0,B-Game
2018,1,watkis1,Sammy Watkins,WR,KC,@LAC,18.6,11,10.6,0.0,0.0,0.0,0.0,0.0,0.0,0.0,0.0,3.8,51.8,0.3,0.0,0.0,2.5,0.0,0.0,0.0,B-Game
2018,1,enunwq1,Quincy Enunwa,WR,NYJ,@DET,20.3,19,10.6,0.0,0.0,0.0,0.0,0.0,0.0,0.0,0.0,3.9,50.8,0.3,0.0,0.0,2.5,0.0,0.0,0.0,B-Game
2018,1,godwic1,Chris Godwin,WR,TB,@NO,19.0,14,10.4,0.0,0.0,0.0,0.0,0.0,0.2,1.5,0.0,3.8,50.0,0.3,0.0,0.1,2.4,0.0,0.0,0.0,B-Game
2018,1,wallam1,Mike Wallace,WR,PHI,ATL,18.8,12,10.4,0.0,0.0,0.0,0.0,0.0,0.0,0.0,0.0,3.7,48.0,0.3,0.0,0.0,2.4,0.0,0.0,0.0,B-Game
2018,1,hurnsa1,Allen Hurns,WR,DAL,@CAR,21.3,27,10.3,0.0,0.0,0.0,0.0,0.0,0.0,0.0,0.0,3.7,48.5,0.3,0.0,0.0,2.4,0.0,0.0,0.0,B-Game
2018,1,shepas1,Sterling Shepard,WR,NYG,JAX,14.3,1,10.2,0.0,0.0,0.0,0.0,0.0,0.0,0.0,0.0,3.7,48.9,0.3,0.0,0.0,2.4,0.0,0.0,0.0,B-Game
2018,1,brownj5,John Brown,WR,BAL,BUF,16.4,3,10.2,0.0,0.0,0.0,0.0,0.0,0.0,0.0,0.0,3.3,50.4,0.3,0.0,0.0,2.3,0.0,0.0,0.0,B-Game
2018,1,sanum1,Mohamed Sanu,WR,ATL,@PHI,21.7,28,10.1,0.0,0.0,0.0,0.0,0.0,0.1,0.5,0.0,3.9,41.9,0.3,0.0,0.0,2.3,0.0,0.0,0.0,B-Game
2018,1,gordoj1,Josh Gordon,WR,CLE,PIT,20.1,17,10.1,0.0,0.0,0.0,0.0,0.0,0.0,0.0,0.0,3.2,51.6,0.3,0.0,0.0,2.3,0.0,0.0,0.0,B-Game
2018,1,ellinb1,Bruce Ellington,WR,HOU,@NE,23.4,30,10.1,0.0,0.0,0.0,0.0,0.0,0.2,1.2,0.0,3.7,45.3,0.3,0.0,0.0,2.3,0.0,0.0,0.0,B-Game
2018,1,millea1,Anthony Miller,WR,CHI,@GB,23.2,29,9.9,0.0,0.0,0.0,0.0,0.0,0.0,0.0,0.0,3.6,47.1,0.3,0.0,0.0,2.3,0.0,0.0,0.0,B-Game
2018,1,benjak1,Kelvin Benjamin,WR,BUF,@BAL,15.6,2,9.6,0.0,0.0,0.0,0.0,0.0,0.0,0.0,0.0,3.2,51.6,0.2,0.0,0.0,2.3,0.0,0.0,0.0,B-Game
2018,1,rossj2,John Ross,WR,CIN,@IND,20.8,25,9.5,0.0,0.0,0.0,0.0,0.0,0.0,0.0,0.0,3.1,50.9,0.2,0.0,0.0,2.3,0.0,0.0,0.0,B-Game
2018,1,ginnt1,Ted Ginn,WR,NO,TB,23.4,31,9.5,0.0,0.0,0.0,0.0,0.0,0.7,2.4,0.0,3.2,45.2,0.3,0.0,0.1,2.1,0.0,0.0,0.0,B-Game
2018,1,westbd1,Dede Westbrook,WR,JAX,@NYG,19.6,16,9.3,0.0,0.0,0.0,0.0,0.0,0.0,0.0,0.0,3.4,44.3,0.3,0.0,0.0,2.2,0.0,0.0,0.0,B-Game
2018,1,matthr1,Rishard Matthews,WR,TEN,@MIA,17.6,10,9.3,0.0,0.0,0.0,0.0,0.0,0.0,0.0,0.0,2.9,46.9,0.3,0.0,0.0,2.1,0.0,0.0,0.0,B-Game
2018,1,gollak1,Kenny Golladay,WR,DET,NYJ,20.6,22,9.3,0.0,0.0,0.0,0.0,0.0,0.1,1.1,0.0,2.7,45.6,0.3,0.0,0.0,2.0,0.0,0.0,0.0,B-Game
2018,1,suttoc1,Courtland Sutton,WR,DEN,SEA,20.1,18,9.0,0.0,0.0,0.0,0.0,0.0,0.0,0.0,0.0,3.2,44.1,0.2,0.0,0.0,2.1,0.0,0.0,0.0,B-Game
2018,1,willit4,Tyrell Williams,WR,LAC,KC,23.6,32,9.0,0.0,0.0,0.0,0.0,0.0,0.0,0.0,0.0,2.6,47.1,0.3,0.0,0.0,2.0,0.0,0.0,0.0,B-Game
2018,1,moncrd1,Donte Moncrief,WR,JAX,@NYG,19.6,16,9.0,0.0,0.0,0.0,0.0,0.0,0.0,0.0,0.0,3.1,43.1,0.3,0.0,0.0,2.0,0.0,0.0,0.0,B-Game
2018,1,willit3,Terrance Williams,WR,DAL,@CAR,21.3,27,8.6,0.0,0.0,0.0,0.0,0.0,0.0,0.0,0.0,3.5,38.3,0.2,0.0,0.0,2.0,0.0,0.0,0.0,B-Game
2018,1,gallum1,Michael Gallup,WR,DAL,@CAR,21.3,27,8.4,0.0,0.0,0.0,0.0,0.0,0.0,0.0,0.0,3.0,40.6,0.2,0.0,0.0,1.9,0.0,0.0,0.0,B-Game
2018,1,meredc1,Cameron Meredith,WR,NO,TB,23.4,31,8.3,0.0,0.0,0.0,0.0,0.0,0.0,0.0,0.0,2.6,40.7,0.3,0.0,0.0,1.9,0.0,0.0,0.0,B-Game
2018,1,dorsep1,Phillip Dorsett,WR,NE,HOU,20.7,24,8.2,0.0,0.0,0.0,0.0,0.0,0.0,0.0,0.0,3.2,44.4,0.1,0.0,0.0,2.1,0.0,0.0,0.0,B-Game
2018,1,jacksd2,DeSean Jackson,WR,TB,@NO,19.0,14,8.1,0.0,0.0,0.0,0.0,0.0,0.2,2.0,0.0,2.9,40.0,0.2,0.0,0.1,1.9,0.0,0.0,0.0,B-Game
2018,1,richap1,Paul Richardson,WR,WAS,@ARI,20.7,23,8.1,0.0,0.0,0.0,0.0,0.0,0.2,1.1,0.0,3.0,36.5,0.2,0.0,0.0,1.8,0.0,0.0,0.0,B-Game
2018,1,allisg1,Geronimo Allison,WR,GB,CHI,17.6,9,8.0,0.0,0.0,0.0,0.0,0.0,0.0,0.0,0.0,2.8,35.9,0.3,0.0,0.0,1.8,0.0,0.0,0.0,C-Game
2018,1,wilsoa1,Albert Wilson,WR,MIA,TEN,19.6,15,7.9,0.0,0.0,0.0,0.0,0.0,0.0,0.0,0.0,3.0,36.4,0.2,0.0,0.0,1.8,0.0,0.0,0.0,C-Game
2018,1,willic5,Chad Williams,WR,ARI,WAS,16.7,5,7.3,0.0,0.0,0.0,0.0,0.0,0.0,0.0,0.0,2.2,38.6,0.2,0.0,0.0,1.7,0.0,0.0,0.0,C-Game
2018,1,smitht7,Torrey Smith,WR,CAR,DAL,20.4,21,7.2,0.0,0.0,0.0,0.0,0.0,0.0,0.0,0.0,2.4,34.8,0.2,0.0,0.0,1.6,0.0,0.0,0.0,C-Game
2018,1,willim7,Mike Williams,WR,LAC,KC,23.6,32,7.1,0.0,0.0,0.0,0.0,0.0,0.0,0.0,0.0,2.1,36.8,0.2,0.0,0.0,1.6,0.0,0.0,0.0,C-Game
2018,1,doctsj1,Josh Doctson,WR,WAS,@ARI,20.7,23,7.1,0.0,0.0,0.0,0.0,0.0,0.0,0.0,0.0,2.3,31.6,0.3,0.0,0.0,1.5,0.0,0.0,0.0,C-Game
2018,1,taylot4,Trent Taylor,WR,SF,@MIN,16.7,6,7.0,0.0,0.0,0.0,0.0,0.0,0.0,0.0,0.0,2.8,29.5,0.2,0.0,0.0,1.6,0.0,0.0,0.0,C-Game
2018,1,robers1,Seth Roberts,WR,OAK,LAR,18.9,13,7.0,0.0,0.0,0.0,0.0,0.0,0.0,0.0,0.0,2.6,29.5,0.2,0.0,0.0,1.5,0.0,0.0,0.0,C-Game
2018,1,treadl1,Laquon Treadwell,WR,MIN,SF,20.4,20,7.0,0.0,0.0,0.0,0.0,0.0,0.0,0.0,0.0,2.4,32.7,0.2,0.0,0.0,1.6,0.0,0.0,0.0,C-Game
2018,1,kerlej1,Jeremy Kerley,WR,BUF,@BAL,15.6,2,6.8,0.0,0.0,0.0,0.0,0.0,0.0,0.0,0.0,2.6,33.0,0.2,0.0,0.0,1.6,0.0,0.0,0.0,C-Game
2018,1,grantr3,Ryan Grant,WR,IND,CIN,17.3,7,6.7,0.0,0.0,0.0,0.0,0.0,0.0,0.0,0.0,2.2,33.6,0.2,0.0,0.0,1.5,0.0,0.0,0.0,C-Game
2018,1,ridlec1,Calvin Ridley,WR,ATL,@PHI,21.7,28,6.4,0.0,0.0,0.0,0.0,0.0,0.0,0.0,0.0,2.1,30.7,0.2,0.0,0.0,1.4,0.0,0.0,0.0,C-Game
2018,1,benjat1,Travis Benjamin,WR,LAC,KC,23.6,32,6.3,0.0,0.0,0.0,0.0,0.0,0.8,5.6,0.0,1.8,29.5,0.2,0.0,0.2,1.3,0.0,0.0,0.0,C-Game
2018,1,rogerc1,Chester Rogers,WR,IND,CIN,17.3,7,6.0,0.0,0.0,0.0,0.0,0.0,0.0,0.0,0.0,1.7,31.0,0.2,0.0,0.0,1.3,0.0,0.0,0.0,C-Game
2018,1,kirkc1,Christian Kirk,WR,ARI,WAS,16.7,5,5.9,0.0,0.0,0.0,0.0,0.0,0.0,0.0,0.0,1.8,30.8,0.2,0.0,0.0,1.4,0.0,0.0,0.0,C-Game
2018,1,smitht9,TreQuan Smith,WR,NO,TB,23.4,31,5.8,0.0,0.0,0.0,0.0,0.0,0.0,0.0,0.0,2.1,24.1,0.2,0.0,0.0,1.3,0.0,0.0,0.0,C-Game
2018,1,pryort1,Terrelle Pryor,WR,NYJ,@DET,20.3,19,5.5,0.0,0.0,0.0,0.0,0.0,0.0,0.0,0.0,2.2,24.9,0.1,0.0,0.0,1.3,0.0,0.0,0.0,C-Game
2018,1,moored4,D.J. Moore,WR,CAR,DAL,20.4,21,5.4,0.0,0.0,0.0,0.0,0.0,0.0,0.0,0.0,2.0,26.7,0.1,0.0,0.0,1.3,0.0,0.0,0.0,C-Game
2018,1,boydt2,Tyler Boyd,WR,CIN,@IND,20.8,25,5.3,0.0,0.0,0.0,0.0,0.0,0.0,0.0,0.0,2.2,22.8,0.1,0.0,0.0,1.3,0.0,0.0,0.0,C-Game
2018,1,brownj4,Jaron Brown,WR,SEA,@DEN,16.7,4,4.8,0.0,0.0,0.0,0.0,0.0,0.0,0.0,0.0,1.5,24.3,0.1,0.0,0.0,1.1,0.0,0.0,0.0,C-Game
2018,1,grantj1,Jakeem Grant,WR,MIA,TEN,19.6,15,4.7,0.0,0.0,0.0,0.0,0.0,0.0,0.0,0.0,1.5,23.9,0.1,0.0,0.0,1.1,0.0,0.0,0.0,C-Game
2018,1,pettid1,Dante Pettis,WR,SF,@MIN,16.7,6,4.7,0.0,0.0,0.0,0.0,0.0,0.0,0.0,0.0,1.5,24.2,0.1,0.0,0.0,1.1,0.0,0.0,0.0,C-Game
2018,1,jonesz1,Zay Jones,WR,BUF,@BAL,15.6,2,4.7,0.0,0.0,0.0,0.0,0.0,0.0,0.0,0.0,1.6,22.7,0.1,0.0,0.0,1.1,0.0,0.0,0.0,C-Game
2018,1,sneadw1,Willie Snead,WR,BAL,BUF,16.4,3,4.6,0.0,0.0,0.0,0.0,0.0,0.0,0.0,0.0,2.2,18.8,0.1,0.0,0.0,1.1,0.0,0.0,0.0,C-Game
2018,1,beaslc1,Cole Beasley,WR,DAL,@CAR,21.3,27,4.6,0.0,0.0,0.0,0.0,0.0,0.0,0.0,0.0,2.0,18.0,0.1,0.0,0.0,1.1,0.0,0.0,0.0,C-Game
2018,1,gabrit1,Taylor Gabriel,WR,CHI,@GB,23.2,29,4.6,0.0,0.0,0.0,0.0,0.0,0.0,0.0,0.0,1.7,21.7,0.1,0.0,0.0,1.1,0.0,0.0,0.0,C-Game
2018,1,pattec1,Cordarrelle Patterson,WR,NE,HOU,20.7,24,4.5,0.0,0.0,0.0,0.0,0.0,0.3,3.2,0.0,1.9,20.7,0.1,0.0,0.1,1.1,0.0,0.0,0.0,C-Game
2018,1,latimc1,Cody Latimer,WR,NYG,JAX,14.3,1,4.5,0.0,0.0,0.0,0.0,0.0,0.0,0.0,0.0,1.5,23.3,0.1,0.0,0.0,1.1,0.0,0.0,0.0,C-Game
2018,1,taylot3,Taywan Taylor,WR,TEN,@MIA,17.6,10,4.4,0.0,0.0,0.0,0.0,0.0,0.0,0.0,0.0,1.5,22.2,0.1,0.0,0.0,1.0,0.0,0.0,0.0,C-Game
2018,1,wrighj2,Jarius Wright,WR,CAR,DAL,20.4,21,4.4,0.0,0.0,0.0,0.0,0.0,0.0,0.0,0.0,1.5,20.9,0.1,0.0,0.0,1.0,0.0,0.0,0.0,C-Game
2018,1,callaa1,Antonio Callaway,WR,CLE,PIT,20.1,17,4.4,0.0,0.0,0.0,0.0,0.0,0.0,0.0,0.0,1.8,19.4,0.1,0.0,0.0,1.0,0.0,0.0,0.0,C-Game
2018,1,sharpt1,Tajae Sharpe,WR,TEN,@MIA,17.6,10,4.2,0.0,0.0,0.0,0.0,0.0,0.0,0.0,0.0,1.6,19.7,0.1,0.0,0.0,1.0,0.0,0.0,0.0,C-Game
2018,1,washij1,James Washington,WR,PIT,@CLE,17.3,8,4.1,0.0,0.0,0.0,0.0,0.0,0.0,0.0,0.0,1.5,19.7,0.1,0.0,0.0,1.0,0.0,0.0,0.0,C-Game
2018,1,coates1,Sammie Coates,WR,HOU,@NE,23.4,30,4.0,0.0,0.0,0.0,0.0,0.0,0.0,0.0,0.0,1.0,22.7,0.1,0.0,0.0,0.9,0.0,0.0,0.0,C-Game
2018,1,conlec1,Chris Conley,WR,KC,@LAC,18.6,11,4.0,0.0,0.0,0.0,0.0,0.0,0.0,0.0,0.0,1.5,18.5,0.1,0.0,0.0,0.9,0.0,0.0,0.0,C-Game
2018,1,coutek1,Keke Coutee,WR,HOU,@NE,23.4,30,3.9,0.0,0.0,0.0,0.0,0.0,0.0,0.0,0.0,1.1,20.1,0.1,0.0,0.0,0.9,0.0,0.0,0.0,C-Game
2018,1,jonest3,T.J. Jones,WR,DET,NYJ,20.6,22,3.8,0.0,0.0,0.0,0.0,0.0,0.0,0.0,0.0,1.5,18.0,0.1,0.0,0.0,0.9,0.0,0.0,0.0,C-Game
2018,1,charkd1,D.J. Chark,WR,JAX,@NYG,19.6,16,3.7,0.0,0.0,0.0,0.0,0.0,0.0,0.0,0.0,1.2,18.0,0.1,0.0,0.0,0.8,0.0,0.0,0.0,C-Game
2018,1,moorec1,Chris Moore,WR,BAL,BUF,16.4,3,3.7,0.0,0.0,0.0,0.0,0.0,0.0,0.0,0.0,1.1,16.4,0.2,0.0,0.0,0.8,0.0,0.0,0.0,C-Game
2018,1,hardyj2,Justin Hardy,WR,ATL,@PHI,21.7,28,3.6,0.0,0.0,0.0,0.0,0.0,0.0,0.0,0.0,1.3,16.8,0.1,0.0,0.0,0.8,0.0,0.0,0.0,C-Game
2018,1,marshb1,Brandon Marshall,WR,SEA,@DEN,16.7,4,3.5,0.0,0.0,0.0,0.0,0.0,0.0,0.0,0.0,1.2,17.0,0.1,0.0,0.0,0.8,0.0,0.0,0.0,C-Game
2018,1,harrid1,Dwayne Harris,WR,OAK,LAR,18.9,13,3.4,0.0,0.0,0.0,0.0,0.0,0.0,0.0,0.0,1.1,14.8,0.1,0.0,0.0,0.7,0.0,0.0,0.0,C-Game
2018,1,robera1,Andre Roberts,WR,NYJ,@DET,20.3,19,3.4,0.0,0.0,0.0,0.0,0.0,0.0,0.0,0.0,1.4,14.7,0.1,0.0,0.0,0.8,0.0,0.0,0.0,C-Game
2018,1,nelsoj2,J.J. Nelson,WR,ARI,WAS,16.7,5,3.3,0.0,0.0,0.0,0.0,0.0,0.2,2.3,0.0,1.0,15.4,0.1,0.0,0.1,0.7,0.0,0.0,0.0,C-Game
2018,1,valdem1,Marquez Valdes-Scantling,WR,GB,CHI,17.6,9,3.1,0.0,0.0,0.0,0.0,0.0,0.0,0.0,0.0,0.9,16.6,0.1,0.0,0.0,0.7,0.0,0.0,0.0,C-Game
2018,1,austit2,Tavon Austin,WR,DAL,@CAR,21.3,27,2.9,0.0,0.0,0.0,0.0,0.0,1.2,5.5,0.0,1.1,9.0,0.0,0.0,0.2,0.6,0.0,0.0,0.0,C-Game
2018,1,hollim1,Mack Hollins,WR,PHI,ATL,18.8,12,2.9,0.0,0.0,0.0,0.0,0.0,0.0,0.0,0.0,0.8,15.6,0.1,0.0,0.0,0.6,0.0,0.0,0.0,C-Game
2018,1,holtoj1,Johnny Holton,WR,OAK,LAR,18.9,13,2.9,0.0,0.0,0.0,0.0,0.0,0.0,0.0,0.0,0.5,12.3,0.2,0.0,0.0,0.5,0.0,0.0,0.0,C-Game
2018,1,coleys1,Stacy Coley,WR,MIN,SF,20.4,20,2.9,0.0,0.0,0.0,0.0,0.0,0.0,0.0,0.0,1.2,12.3,0.1,0.0,0.0,0.7,0.0,0.0,0.0,C-Game
2018,1,huntej1,Justin Hunter,WR,PIT,@CLE,17.3,8,2.8,0.0,0.0,0.0,0.0,0.0,0.0,0.0,0.0,1.1,11.3,0.1,0.0,0.0,0.6,0.0,0.0,0.0,C-Game
2018,1,stewaa1,ArDarius Stewart,WR,NYJ,@DET,20.3,19,2.8,0.0,0.0,0.0,0.0,0.0,0.0,0.0,0.0,1.0,13.6,0.1,0.0,0.0,0.7,0.0,0.0,0.0,C-Game
2018,1,holmea1,Andre Holmes,WR,BUF,@BAL,15.6,2,2.6,0.0,0.0,0.0,0.0,0.0,0.0,0.0,0.0,0.8,9.3,0.2,0.0,0.0,0.5,0.0,0.0,0.0,C-Game
2018,1,davisg1,Geremy Davis,WR,LAC,KC,23.6,32,2.4,0.0,0.0,0.0,0.0,0.0,0.0,0.0,0.0,0.7,11.8,0.1,0.0,0.0,0.5,0.0,0.0,0.0,C-Game
2018,1,robind2,Demarcus Robinson,WR,KC,@LAC,18.6,11,2.2,0.0,0.0,0.0,0.0,0.0,0.0,0.0,0.0,1.1,8.6,0.0,0.0,0.0,0.5,0.0,0.0,0.0,C-Game
2018,1,switzr1,Ryan Switzer,WR,PIT,@CLE,17.3,8,2.1,0.0,0.0,0.0,0.0,0.0,0.0,0.0,0.0,1.0,8.4,0.0,0.0,0.0,0.5,0.0,0.0,0.0,C-Game
2018,1,stbroe1,Equanimeous St. Brown,WR,GB,CHI,17.6,9,2.0,0.0,0.0,0.0,0.0,0.0,0.0,0.0,0.0,0.7,11.0,0.0,0.0,0.0,0.5,0.0,0.0,0.0,C-Game
2018,1,humpha1,Adam Humphries,WR,TB,@NO,19.0,14,2.0,0.0,0.0,0.0,0.0,0.0,0.0,0.0,0.0,1.0,8.7,0.0,0.0,0.0,0.5,0.0,0.0,0.0,C-Game
2018,1,reynoj1,Josh Reynolds,WR,LAR,@OAK,20.9,26,2.0,0.0,0.0,0.0,0.0,0.0,0.0,0.0,0.0,0.8,8.1,0.1,0.0,0.0,0.4,0.0,0.0,0.0,C-Game
2018,1,whitek1,Kevin White,WR,CHI,@GB,23.2,29,2.0,0.0,0.0,0.0,0.0,0.0,0.0,0.0,0.0,0.7,9.7,0.1,0.0,0.0,0.5,0.0,0.0,0.0,C-Game
2018,1,slatem1,Matt Slater,WR,NE,HOU,20.7,24,1.9,0.0,0.0,0.0,0.0,0.0,0.0,0.0,0.0,0.7,11.8,0.0,0.0,0.0,0.5,0.0,0.0,0.0,C-Game
2018,1,gibsos1,Shelton Gibson,WR,PHI,ATL,18.8,12,1.8,0.0,0.0,0.0,0.0,0.0,0.0,0.0,0.0,0.4,9.1,0.1,0.0,0.0,0.4,0.0,0.0,0.0,C-Game
2018,1,smithv1,Vyncint Smith,WR,HOU,@NE,23.4,30,1.7,0.0,0.0,0.0,0.0,0.0,0.0,0.0,0.0,0.6,7.6,0.0,0.0,0.0,0.4,0.0,0.0,0.0,C-Game
2018,1,grantj2,Janarion Grant,WR,BAL,BUF,16.4,3,1.6,0.0,0.0,0.0,0.0,0.0,0.0,0.0,0.0,0.7,5.9,0.1,0.0,0.0,0.3,0.0,0.0,0.0,C-Game
2018,1,campam1,Michael Campanaro,WR,TEN,@MIA,17.6,10,1.5,0.0,0.0,0.0,0.0,0.0,0.0,0.0,0.0,0.6,7.4,0.0,0.0,0.0,0.4,0.0,0.0,0.0,C-Game
2018,1,harrim6,Maurice Harris,WR,WAS,@ARI,20.7,23,1.3,0.0,0.0,0.0,0.0,0.0,0.0,0.0,0.0,0.4,7.3,0.0,0.0,0.0,0.3,0.0,0.0,0.0,C-Game
2018,1,mcclor1,Ray-Ray McCloud,WR,BUF,@BAL,15.6,2,1.3,0.0,0.0,0.0,0.0,0.0,0.0,0.0,0.0,0.5,6.2,0.0,0.0,0.0,0.3,0.0,0.0,0.0,C-Game
2018,1,heywad1,Darrius Heyward-Bey,WR,PIT,@CLE,17.3,8,1.3,0.0,0.0,0.0,0.0,0.0,0.0,0.0,0.0,0.5,5.6,0.0,0.0,0.0,0.3,0.0,0.0,0.0,C-Game
2018,1,mickej1,Jaydon Mickens,WR,JAX,@NYG,19.6,16,1.2,0.0,0.0,0.0,0.0,0.0,0.0,0.0,0.0,0.6,4.8,0.0,0.0,0.0,0.3,0.0,0.0,0.0,C-Game
2018,1,quinnt1,Trey Quinn,WR,WAS,@ARI,20.7,23,1.2,0.0,0.0,0.0,0.0,0.0,0.0,0.0,0.0,0.6,6.1,0.0,0.0,0.0,0.3,0.0,0.0,0.0,C-Game
2018,1,thomam3,Mike Thomas,WR,LAR,@OAK,20.9,26,1.2,0.0,0.0,0.0,0.0,0.0,0.0,0.0,0.0,0.5,5.4,0.0,0.0,0.0,0.3,0.0,0.0,0.0,C-Game
2018,1,hamild1,DaeSean Hamilton,WR,DEN,SEA,20.1,18,1.2,0.0,0.0,0.0,0.0,0.0,0.0,0.0,0.0,0.4,7.4,0.0,0.0,0.0,0.3,0.0,0.0,0.0,C-Game
2018,1,malonj1,Josh Malone,WR,CIN,@IND,20.8,25,1.2,0.0,0.0,0.0,0.0,0.0,0.0,0.0,0.0,0.4,5.4,0.0,0.0,0.0,0.3,0.0,0.0,0.0,C-Game
2018,1,adeboq1,Quincy Adeboyejo,WR,BAL,BUF,16.4,3,1.1,0.0,0.0,0.0,0.0,0.0,0.0,0.0,0.0,0.4,4.7,0.0,0.0,0.0,0.3,0.0,0.0,0.0,C-Game
2018,1,higgir1,Rashard Higgins,WR,CLE,PIT,20.1,17,1.1,0.0,0.0,0.0,0.0,0.0,0.0,0.0,0.0,0.4,5.4,0.0,0.0,0.0,0.3,0.0,0.0,0.0,C-Game
2018,1,mcevot1,Tanner McEvoy,WR,MIA,TEN,19.6,15,1.0,0.0,0.0,0.0,0.0,0.0,0.0,0.0,0.0,0.3,5.0,0.0,0.0,0.0,0.2,0.0,0.0,0.0,C-Game
2018,1,tayloj1,Jordan Taylor,WR,DEN,SEA,20.1,18,1.0,0.0,0.0,0.0,0.0,0.0,0.0,0.0,0.0,0.3,4.9,0.0,0.0,0.0,0.2,0.0,0.0,0.0,C-Game
2018,1,thomad7,DeAnthony Thomas,WR,KC,@LAC,18.6,11,0.9,0.0,0.0,0.0,0.0,0.0,0.0,0.0,0.0,0.5,2.5,0.0,0.0,0.0,0.2,0.0,0.0,0.0,C-Game
2018,1,byrdd3,Damiere Byrd,WR,CAR,DAL,20.4,21,0.8,0.0,0.0,0.0,0.0,0.0,0.0,0.0,0.0,0.3,4.6,0.0,0.0,0.0,0.2,0.0,0.0,0.0,C-Game
2018,1,brownn1,Noah Brown,WR,DAL,@CAR,21.3,27,0.8,0.0,0.0,0.0,0.0,0.0,0.0,0.0,0.0,0.3,3.4,0.0,0.0,0.0,0.2,0.0,0.0,0.0,C-Game
2018,1,lewist2,Tommylee Lewis,WR,NO,TB,23.4,31,0.7,0.0,0.0,0.0,0.0,0.0,0.1,0.6,0.0,0.3,3.0,0.0,0.0,0.0,0.2,0.0,0.0,0.0,C-Game
2018,1,bournk1,Kendrick Bourne,WR,SF,@MIN,16.7,6,0.7,0.0,0.0,0.0,0.0,0.0,0.0,0.0,0.0,0.2,4.0,0.0,0.0,0.0,0.2,0.0,0.0,0.0,C-Game
2018,1,gager1,Russell Gage,WR,ATL,@PHI,21.7,28,0.7,0.0,0.0,0.0,0.0,0.0,0.0,0.0,0.0,0.2,2.8,0.0,0.0,0.0,0.1,0.0,0.0,0.0,C-Game
2018,1,jonesa1,Andy Jones,WR,DET,NYJ,20.6,22,0.6,0.0,0.0,0.0,0.0,0.0,0.0,0.0,0.0,0.2,2.8,0.0,0.0,0.0,0.1,0.0,0.0,0.0,C-Game
2018,1,coopep1,Pharoh Cooper,WR,LAR,@OAK,20.9,26,0.6,0.0,0.0,0.0,0.0,0.0,0.0,0.0,0.0,0.2,2.7,0.0,0.0,0.0,0.1,0.0,0.0,0.0,C-Game
2018,1,ericka1,Alex Erickson,WR,CIN,@IND,20.8,25,0.6,0.0,0.0,0.0,0.0,0.0,0.0,0.0,0.0,0.2,2.7,0.0,0.0,0.0,0.1,0.0,0.0,0.0,C-Game
2018,1,shepar1,Russell Shepard,WR,NYG,JAX,14.3,1,0.4,0.0,0.0,0.0,0.0,0.0,0.0,0.0,0.0,0.2,2.3,0.0,0.0,0.0,0.1,0.0,0.0,0.0,C-Game
2018,1,gronkr1,Rob Gronkowski,TE,NE,HOU,9.0,28,19.3,0.0,0.0,0.0,0.0,0.0,0.0,0.0,0.0,5.7,85.8,0.9,0.0,0.0,4.2,0.0,0.0,0.0,A-Game
2018,1,ertzz1,Zach Ertz,TE,PHI,ATL,6.4,14,14.2,0.0,0.0,0.0,0.0,0.0,0.0,0.0,0.0,5.6,61.0,0.4,0.0,0.0,3.2,0.0,0.0,0.0,A-Game
2018,1,kelcet1,Travis Kelce,TE,KC,@LAC,5.0,1,13.7,0.0,0.0,0.0,0.0,0.0,0.0,0.0,0.0,5.2,59.2,0.5,0.0,0.0,3.1,0.0,0.0,0.0,A-Game
2018,1,walked2,Delanie Walker,TE,TEN,@MIA,10.1,31,10.7,0.0,0.0,0.0,0.0,0.0,0.0,0.0,0.0,4.2,49.3,0.3,0.0,0.0,2.6,0.0,0.0,0.0,A-Game
2018,1,reedj4,Jordan Reed,TE,WAS,@ARI,5.8,7,10.4,0.0,0.0,0.0,0.0,0.0,0.0,0.0,0.0,4.3,46.2,0.3,0.0,0.0,2.5,0.0,0.0,0.0,A-Game
2018,1,grahaj1,Jimmy Graham,TE,GB,CHI,6.0,11,10.2,0.0,0.0,0.0,0.0,0.0,0.0,0.0,0.0,3.8,45.5,0.3,0.0,0.0,2.4,0.0,0.0,0.0,A-Game
2018,1,olseng1,Greg Olsen,TE,CAR,DAL,5.8,4,10.2,0.0,0.0,0.0,0.0,0.0,0.0,0.0,0.0,4.1,45.2,0.3,0.0,0.0,2.4,0.0,0.0,0.0,A-Game
2018,1,rudolk1,Kyle Rudolph,TE,MIN,SF,6.4,15,9.7,0.0,0.0,0.0,0.0,0.0,0.0,0.0,0.0,3.7,36.8,0.4,0.0,0.0,2.0,0.0,0.0,0.0,A-Game
2018,1,doylej1,Jack Doyle,TE,IND,CIN,8.4,24,9.4,0.0,0.0,0.0,0.0,0.0,0.0,0.0,0.0,3.9,34.9,0.3,0.0,0.0,2.0,0.0,0.0,0.0,A-Game
2018,1,burtot1,Trey Burton,TE,CHI,@GB,5.8,9,9.0,0.0,0.0,0.0,0.0,0.0,0.0,0.0,0.0,3.6,38.6,0.3,0.0,0.0,2.1,0.0,0.0,0.0,A-Game
2018,1,eifert1,Tyler Eifert,TE,CIN,@IND,8.4,25,9.0,0.0,0.0,0.0,0.0,0.0,0.0,0.0,0.0,3.0,37.5,0.4,0.0,0.0,1.9,0.0,0.0,0.0,A-Game
2018,1,engrae1,Evan Engram,TE,NYG,JAX,6.7,16,8.8,0.0,0.0,0.0,0.0,0.0,0.0,0.0,0.0,3.3,39.6,0.3,0.0,0.0,2.1,0.0,0.0,0.0,A-Game
2018,1,watsob1,Ben Watson,TE,NO,TB,5.9,10,7.7,0.0,0.0,0.0,0.0,0.0,0.0,0.0,0.0,3.0,30.1,0.3,0.0,0.0,1.7,0.0,0.0,0.0,B-Game
2018,1,njokud1,David Njoku,TE,CLE,PIT,5.3,2,7.3,0.0,0.0,0.0,0.0,0.0,0.0,0.0,0.0,2.7,31.2,0.3,0.0,0.0,1.6,0.0,0.0,0.0,B-Game
2018,1,cookj2,Jared Cook,TE,OAK,LAR,7.4,19,7.3,0.0,0.0,0.0,0.0,0.0,0.0,0.0,0.0,2.8,36.9,0.1,0.0,0.0,1.9,0.0,0.0,0.0,B-Game
2018,1,sefera1,Austin Seferian-Jenkins,TE,JAX,@NYG,9.7,30,7.2,0.0,0.0,0.0,0.0,0.0,0.0,0.0,0.0,2.7,29.9,0.3,0.0,0.0,1.6,0.0,0.0,0.0,B-Game
2018,1,clayc1,Charles Clay,TE,BUF,@BAL,9.4,29,7.2,0.0,0.0,0.0,0.0,0.0,0.0,0.0,0.0,2.8,37.2,0.1,0.0,0.0,1.9,0.0,0.0,0.0,B-Game
2018,1,kittlg1,George Kittle,TE,SF,@MIN,5.6,3,7.1,0.0,0.0,0.0,0.0,0.0,0.0,0.0,0.0,2.6,32.2,0.2,0.0,0.0,1.6,0.0,0.0,0.0,B-Game
2018,1,gesicm1,Mike Gesicki,TE,MIA,TEN,8.2,22,7.1,0.0,0.0,0.0,0.0,0.0,0.0,0.0,0.0,2.9,28.9,0.2,0.0,0.0,1.6,0.0,0.0,0.0,B-Game
2018,1,ebrone1,Eric Ebron,TE,IND,CIN,8.4,24,7.0,0.0,0.0,0.0,0.0,0.0,0.0,0.0,0.0,2.6,29.7,0.3,0.0,0.0,1.6,0.0,0.0,0.0,B-Game
2018,1,griffr2,Ryan Griffin,TE,HOU,@NE,7.0,17,6.9,0.0,0.0,0.0,0.0,0.0,0.0,0.0,0.0,2.7,28.9,0.2,0.0,0.0,1.5,0.0,0.0,0.0,B-Game
2018,1,hoopea1,Austin Hooper,TE,ATL,@PHI,6.2,13,6.7,0.0,0.0,0.0,0.0,0.0,0.0,0.0,0.0,2.5,27.9,0.2,0.0,0.0,1.5,0.0,0.0,0.0,B-Game
2018,1,howaro1,O.J. Howard,TE,TB,@NO,5.8,5,6.7,0.0,0.0,0.0,0.0,0.0,0.0,0.0,0.0,2.3,25.0,0.3,0.0,0.0,1.3,0.0,0.0,0.0,B-Game
2018,1,sealsr1,Ricky Seals-Jones,TE,ARI,WAS,8.2,23,6.6,0.0,0.0,0.0,0.0,0.0,0.0,0.0,0.0,2.2,30.8,0.2,0.0,0.0,1.5,0.0,0.0,0.0,B-Game
2018,1,gatesa1,Antonio Gates,TE,LAC,KC,5.8,6,6.5,0.0,0.0,0.0,0.0,0.0,0.0,0.0,0.0,2.2,26.5,0.3,0.0,0.0,1.4,0.0,0.0,0.0,C-Game
2018,1,goeded1,Dallas Goedert,TE,PHI,ATL,6.4,14,6.3,0.0,0.0,0.0,0.0,0.0,0.0,0.0,0.0,2.2,27.2,0.2,0.0,0.0,1.4,0.0,0.0,0.0,C-Game
2018,1,willsl1,Luke Willson,TE,DET,NYJ,8.0,21,6.3,0.0,0.0,0.0,0.0,0.0,0.0,0.0,0.0,2.5,23.5,0.2,0.0,0.0,1.3,0.0,0.0,0.0,C-Game
2018,1,jamesj2,Jesse James,TE,PIT,@CLE,10.2,32,6.2,0.0,0.0,0.0,0.0,0.0,0.0,0.0,0.0,2.5,22.5,0.2,0.0,0.0,1.3,0.0,0.0,0.0,C-Game
2018,1,bratec1,Cameron Brate,TE,TB,@NO,5.8,5,5.9,0.0,0.0,0.0,0.0,0.0,0.0,0.0,0.0,2.0,22.5,0.3,0.0,0.0,1.2,0.0,0.0,0.0,C-Game
2018,1,vannen1,Nick Vannett,TE,SEA,@DEN,8.9,27,4.6,0.0,0.0,0.0,0.0,0.0,0.0,0.0,0.0,1.7,20.6,0.1,0.0,0.0,1.1,0.0,0.0,0.0,C-Game
2018,1,higbet1,Tyler Higbee,TE,LAR,@OAK,7.3,18,4.3,0.0,0.0,0.0,0.0,0.0,0.0,0.0,0.0,1.7,20.4,0.1,0.0,0.0,1.1,0.0,0.0,0.0,C-Game
2018,1,davisv1,Vernon Davis,TE,WAS,@ARI,5.8,7,4.1,0.0,0.0,0.0,0.0,0.0,0.0,0.0,0.0,1.5,19.5,0.1,0.0,0.0,1.0,0.0,0.0,0.0,C-Game
2018,1,smithj6,Jonnu Smith,TE,TEN,@MIA,10.1,31,3.8,0.0,0.0,0.0,0.0,0.0,0.0,0.0,0.0,1.5,12.3,0.2,0.0,0.0,0.7,0.0,0.0,0.0,C-Game
2018,1,boylen1,Nick Boyle,TE,BAL,BUF,7.4,20,3.8,0.0,0.0,0.0,0.0,0.0,0.0,0.0,0.0,1.6,16.4,0.1,0.0,0.0,0.9,0.0,0.0,0.0,C-Game
2018,1,evereg1,Gerald Everett,TE,LAR,@OAK,7.3,18,3.8,0.0,0.0,0.0,0.0,0.0,0.0,0.0,0.0,1.1,16.3,0.2,0.0,0.0,0.8,0.0,0.0,0.0,C-Game
2018,1,tomlie1,Eric Tomlinson,TE,NYJ,@DET,8.6,26,3.7,0.0,0.0,0.0,0.0,0.0,0.0,0.0,0.0,1.4,15.8,0.1,0.0,0.0,0.8,0.0,0.0,0.0,C-Game
2018,1,jarwib1,Blake Jarwin,TE,DAL,@CAR,5.8,8,3.3,0.0,0.0,0.0,0.0,0.0,0.0,0.0,0.0,1.2,15.8,0.1,0.0,0.0,0.8,0.0,0.0,0.0,C-Game
2018,1,heuerj1,Jeff Heuerman,TE,DEN,SEA,6.2,12,3.2,0.0,0.0,0.0,0.0,0.0,0.0,0.0,0.0,1.0,12.3,0.2,0.0,0.0,0.6,0.0,0.0,0.0,C-Game
2018,1,celekg1,Garrett Celek,TE,SF,@MIN,5.6,3,2.8,0.0,0.0,0.0,0.0,0.0,0.0,0.0,0.0,0.8,10.7,0.2,0.0,0.0,0.5,0.0,0.0,0.0,C-Game
2018,1,swoope1,Erik Swoope,TE,IND,CIN,8.4,24,2.8,0.0,0.0,0.0,0.0,0.0,0.0,0.0,0.0,0.8,10.3,0.2,0.0,0.0,0.5,0.0,0.0,0.0,C-Game
2018,1,willim6,Maxx Williams,TE,BAL,BUF,7.4,20,2.6,0.0,0.0,0.0,0.0,0.0,0.0,0.0,0.0,1.1,10.6,0.1,0.0,0.0,0.6,0.0,0.0,0.0,C-Game
2018,1,kroftt1,Tyler Kroft,TE,CIN,@IND,8.4,25,2.5,0.0,0.0,0.0,0.0,0.0,0.0,0.0,0.0,1.2,10.7,0.0,0.0,0.0,0.6,0.0,0.0,0.0,C-Game
2018,1,hillj4,Josh Hill,TE,NO,TB,5.9,10,2.5,0.0,0.0,0.0,0.0,0.0,0.0,0.0,0.0,1.1,10.6,0.1,0.0,0.0,0.6,0.0,0.0,0.0,C-Game
2018,1,buttj1,Jake Butt,TE,DEN,SEA,6.2,12,2.4,0.0,0.0,0.0,0.0,0.0,0.0,0.0,0.0,0.8,9.8,0.1,0.0,0.0,0.5,0.0,0.0,0.0,C-Game
2018,1,grimbx1,Xavier Grimble,TE,PIT,@CLE,10.2,32,2.4,0.0,0.0,0.0,0.0,0.0,0.0,0.0,0.0,1.0,9.9,0.1,0.0,0.0,0.5,0.0,0.0,0.0,C-Game
2018,1,disslw1,Will Dissly,TE,SEA,@DEN,8.9,27,2.4,0.0,0.0,0.0,0.0,0.0,0.0,0.0,0.0,0.7,9.7,0.1,0.0,0.0,0.5,0.0,0.0,0.0,C-Game
2018,1,roberm1,Michael Roberts,TE,DET,NYJ,8.0,21,2.2,0.0,0.0,0.0,0.0,0.0,0.0,0.0,0.0,0.8,8.3,0.1,0.0,0.0,0.4,0.0,0.0,0.0,C-Game
2018,1,andrem1,Mark Andrews,TE,BAL,BUF,7.4,20,2.1,0.0,0.0,0.0,0.0,0.0,0.0,0.0,0.0,0.9,8.2,0.1,0.0,0.0,0.5,0.0,0.0,0.0,C-Game
2018,1,lewism2,Marcedes Lewis,TE,GB,CHI,6.0,11,2.0,0.0,0.0,0.0,0.0,0.0,0.0,0.0,0.0,0.7,11.0,0.0,0.0,0.0,0.5,0.0,0.0,0.0,C-Game
2018,1,devals1,Seth DeValve,TE,CLE,PIT,5.3,2,2.0,0.0,0.0,0.0,0.0,0.0,0.0,0.0,0.0,0.8,8.6,0.1,0.0,0.0,0.5,0.0,0.0,0.0,C-Game
2018,1,ellisr1,Rhett Ellison,TE,NYG,JAX,6.7,16,1.9,0.0,0.0,0.0,0.0,0.0,0.0,0.0,0.0,0.7,9.3,0.1,0.0,0.0,0.5,0.0,0.0,0.0,C-Game
2018,1,derbya1,A.J. Derby,TE,MIA,TEN,8.2,22,1.9,0.0,0.0,0.0,0.0,0.0,0.0,0.0,0.0,0.8,7.5,0.1,0.0,0.0,0.4,0.0,0.0,0.0,C-Game
2018,1,paulsl1,Logan Paulsen,TE,ATL,@PHI,6.2,13,1.9,0.0,0.0,0.0,0.0,0.0,0.0,0.0,0.0,0.7,8.4,0.1,0.0,0.0,0.4,0.0,0.0,0.0,C-Game
2018,1,pauln1,Niles Paul,TE,JAX,@NYG,9.7,30,1.9,0.0,0.0,0.0,0.0,0.0,0.0,0.0,0.0,0.8,7.2,0.1,0.0,0.0,0.4,0.0,0.0,0.0,C-Game
2018,1,morgad1,David Morgan,TE,MIN,SF,6.4,15,1.9,0.0,0.0,0.0,0.0,0.0,0.0,0.0,0.0,0.7,6.8,0.1,0.0,0.0,0.4,0.0,0.0,0.0,C-Game
2018,1,greenv1,Virgil Green,TE,LAC,KC,5.8,6,1.8,0.0,0.0,0.0,0.0,0.0,0.0,0.0,0.0,0.7,8.8,0.0,0.0,0.0,0.4,0.0,0.0,0.0,C-Game
2018,1,simsd1,Dion Sims,TE,CHI,@GB,5.8,9,1.7,0.0,0.0,0.0,0.0,0.0,0.0,0.0,0.0,0.7,7.2,0.1,0.0,0.0,0.4,0.0,0.0,0.0,C-Game
2018,1,leggej1,Jordan Leggett,TE,NYJ,@DET,8.6,26,1.7,0.0,0.0,0.0,0.0,0.0,0.0,0.0,0.0,0.7,6.8,0.0,0.0,0.0,0.4,0.0,0.0,0.0,C-Game
2018,1,greshj1,Jermaine Gresham,TE,ARI,WAS,8.2,23,1.6,0.0,0.0,0.0,0.0,0.0,0.0,0.0,0.0,0.5,7.7,0.1,0.0,0.0,0.4,0.0,0.0,0.0,C-Game
2018,1,swaimg1,Geoff Swaim,TE,DAL,@CAR,5.8,8,1.5,0.0,0.0,0.0,0.0,0.0,0.0,0.0,0.0,0.5,6.8,0.1,0.0,0.0,0.3,0.0,0.0,0.0,C-Game
2018,1,allend1,Dwayne Allen,TE,NE,HOU,9.0,28,1.5,0.0,0.0,0.0,0.0,0.0,0.0,0.0,0.0,0.5,5.9,0.1,0.0,0.0,0.3,0.0,0.0,0.0,C-Game
2018,1,toilol1,Levine Toilolo,TE,DET,NYJ,8.0,21,1.5,0.0,0.0,0.0,0.0,0.0,0.0,0.0,0.0,0.4,5.5,0.1,0.0,0.0,0.3,0.0,0.0,0.0,C-Game
2018,1,thomai1,Ian Thomas,TE,CAR,DAL,5.8,4,1.4,0.0,0.0,0.0,0.0,0.0,0.0,0.0,0.0,0.6,4.6,0.1,0.0,0.0,0.3,0.0,0.0,0.0,C-Game
2018,1,akinsj1,Jordan Akins,TE,HOU,@NE,7.0,17,1.4,0.0,0.0,0.0,0.0,0.0,0.0,0.0,0.0,0.8,5.0,0.0,0.0,0.0,0.3,0.0,0.0,0.0,C-Game
2018,1,oshauj1,James O'Shaughnessy,TE,JAX,@NYG,9.7,30,1.2,0.0,0.0,0.0,0.0,0.0,0.0,0.0,0.0,0.5,4.8,0.0,0.0,0.0,0.3,0.0,0.0,0.0,C-Game
2018,1,saubee1,Eric Saubert,TE,ATL,@PHI,6.2,13,1.2,0.0,0.0,0.0,0.0,0.0,0.0,0.0,0.0,0.4,5.6,0.0,0.0,0.0,0.3,0.0,0.0,0.0,C-Game
2018,1,kendrl1,Lance Kendricks,TE,GB,CHI,6.0,11,1.1,0.0,0.0,0.0,0.0,0.0,0.0,0.0,0.0,0.5,5.5,0.0,0.0,0.0,0.3,0.0,0.0,0.0,C-Game
2018,1,smithl1,Lee Smith,TE,OAK,LAR,7.4,19,1.1,0.0,0.0,0.0,0.0,0.0,0.0,0.0,0.0,0.4,4.9,0.0,0.0,0.0,0.3,0.0,0.0,0.0,C-Game
2018,1,leek1,Khari Lee,TE,BUF,@BAL,9.4,29,1.0,0.0,0.0,0.0,0.0,0.0,0.0,0.0,0.0,0.4,4.1,0.0,0.0,0.0,0.2,0.0,0.0,0.0,C-Game
2018,1,sterln1,Neal Sterling,TE,NYJ,@DET,8.6,26,1.0,0.0,0.0,0.0,0.0,0.0,0.0,0.0,0.0,0.4,4.5,0.0,0.0,0.0,0.2,0.0,0.0,0.0,C-Game
2018,1,hollij1,Jacob Hollister,TE,NE,HOU,9.0,28,0.7,0.0,0.0,0.0,0.0,0.0,0.0,0.0,0.0,0.2,3.0,0.0,0.0,0.0,0.2,0.0,0.0,0.0,C-Game
2018,1,thomal2,Logan Thomas,TE,BUF,@BAL,9.4,29,0.6,0.0,0.0,0.0,0.0,0.0,0.0,0.0,0.0,0.2,2.1,0.0,0.0,0.0,0.1,0.0,0.0,0.0,C-Game
2018,1,carrid1,Derek Carrier,TE,OAK,LAR,7.4,19,0.6,0.0,0.0,0.0,0.0,0.0,0.0,0.0,0.0,0.2,2.5,0.0,0.0,0.0,0.1,0.0,0.0,0.0,C-Game
2018,1,arnold1,Dan Arnold,TE,NO,TB,5.9,10,0.6,0.0,0.0,0.0,0.0,0.0,0.0,0.0,0.0,0.3,3.0,0.0,0.0,0.0,0.2,0.0,0.0,0.0,C-Game
2018,1,holmeg1,Gabe Holmes,TE,ARI,WAS,8.2,23,0.5,0.0,0.0,0.0,0.0,0.0,0.0,0.0,0.0,0.2,2.6,0.0,0.0,0.0,0.1,0.0,0.0,0.0,C-Game
2018,1,culkis1,Sean Culkin,TE,LAC,KC,5.8,6,0.5,0.0,0.0,0.0,0.0,0.0,0.0,0.0,0.0,0.2,2.9,0.0,0.0,0.0,0.1,0.0,0.0,0.0,C-Game
2018,1,gather1,Rico Gathers,TE,DAL,@CAR,5.8,8,0.5,0.0,0.0,0.0,0.0,0.0,0.0,0.0,0.0,0.2,2.3,0.0,0.0,0.0,0.1,0.0,0.0,0.0,C-Game
2018,1,stockl1,Luke Stocker,TE,TEN,@MIA,10.1,31,0.3,0.0,0.0,0.0,0.0,0.0,0.0,0.0,0.0,0.1,1.2,0.0,0.0,0.0,0.1,0.0,0.0,0.0,C-Game
2018,1,fellsd2,Darren Fells,TE,CLE,PIT,5.3,2,0.2,0.0,0.0,0.0,0.0,0.0,0.0,0.0,0.0,0.1,1.1,0.0,0.0,0.0,0.1,0.0,0.0,0.0,C-Game
2018,1,lutzw1,Wil Lutz,K,NO,TB,7.2,16,8.3,0.0,0.0,0.0,0.0,0.0,0.0,0.0,0.0,0.0,0.0,0.0,0.0,0.0,0.0,0.0,3.2,1.7,A-Game
2018,1,gostks1,Stephen Gostkowski,K,NE,HOU,8.3,27,8.1,0.0,0.0,0.0,0.0,0.0,0.0,0.0,0.0,0.0,0.0,0.0,0.0,0.0,0.0,0.0,3.1,1.6,A-Game
2018,1,tuckej1,Justin Tucker,K,BAL,BUF,8.3,28,7.9,0.0,0.0,0.0,0.0,0.0,0.0,0.0,0.0,0.0,0.0,0.0,0.0,0.0,0.0,0.0,2.4,1.8,A-Game
2018,1,pratem1,Matt Prater,K,DET,NYJ,6.1,8,7.7,0.0,0.0,0.0,0.0,0.0,0.0,0.0,0.0,0.0,0.0,0.0,0.0,0.0,0.0,0.0,2.7,1.7,B-Game
2018,1,zuerlg1,Greg Zuerlein,K,LAR,@OAK,8.5,30,7.6,0.0,0.0,0.0,0.0,0.0,0.0,0.0,0.0,0.0,0.0,0.0,0.0,0.0,0.0,0.0,2.8,1.6,B-Game
2018,1,crosbm1,Mason Crosby,K,GB,CHI,7.2,14,7.6,0.0,0.0,0.0,0.0,0.0,0.0,0.0,0.0,0.0,0.0,0.0,0.0,0.0,0.0,0.0,2.9,1.6,B-Game
2018,1,vinata1,Adam Vinatieri,K,IND,CIN,9.0,31,7.5,0.0,0.0,0.0,0.0,0.0,0.0,0.0,0.0,0.0,0.0,0.0,0.0,0.0,0.0,0.0,2.6,1.6,B-Game
2018,1,ellioj1,Jake Elliott,K,PHI,ATL,7.3,18,7.5,0.0,0.0,0.0,0.0,0.0,0.0,0.0,0.0,0.0,0.0,0.0,0.0,0.0,0.0,0.0,2.6,1.6,B-Game
2018,1,boswec1,Chris Boswell,K,PIT,@CLE,7.3,19,7.5,0.0,0.0,0.0,0.0,0.0,0.0,0.0,0.0,0.0,0.0,0.0,0.0,0.0,0.0,0.0,2.6,1.6,B-Game
2018,1,carlsd1,Daniel Carlson,K,MIN,SF,7.6,22,7.5,0.0,0.0,0.0,0.0,0.0,0.0,0.0,0.0,0.0,0.0,0.0,0.0,0.0,0.0,0.0,2.8,1.6,B-Game
2018,1,sturgc1,Caleb Sturgis,K,LAC,KC,6.7,12,7.5,0.0,0.0,0.0,0.0,0.0,0.0,0.0,0.0,0.0,0.0,0.0,0.0,0.0,0.0,0.0,2.7,1.6,B-Game
2018,1,lamboj1,Josh Lambo,K,JAX,@NYG,7.7,23,7.4,0.0,0.0,0.0,0.0,0.0,0.0,0.0,0.0,0.0,0.0,0.0,0.0,0.0,0.0,0.0,2.5,1.7,B-Game
2018,1,succor1,Ryan Succop,K,TEN,@MIA,7.1,13,7.2,0.0,0.0,0.0,0.0,0.0,0.0,0.0,0.0,0.0,0.0,0.0,0.0,0.0,0.0,0.0,2.4,1.6,B-Game
2018,1,bryanm1,Matt Bryant,K,ATL,@PHI,6.0,5,7.2,0.0,0.0,0.0,0.0,0.0,0.0,0.0,0.0,0.0,0.0,0.0,0.0,0.0,0.0,0.0,2.2,1.7,B-Game
2018,1,mcmanb1,Brandon McManus,K,DEN,SEA,7.3,17,7.2,0.0,0.0,0.0,0.0,0.0,0.0,0.0,0.0,0.0,0.0,0.0,0.0,0.0,0.0,0.0,2.2,1.7,B-Game
2018,1,ganog1,Graham Gano,K,CAR,DAL,5.2,1,7.1,0.0,0.0,0.0,0.0,0.0,0.0,0.0,0.0,0.0,0.0,0.0,0.0,0.0,0.0,0.0,2.4,1.6,B-Game
2018,1,dawsop1,Phil Dawson,K,ARI,WAS,8.5,29,7.1,0.0,0.0,0.0,0.0,0.0,0.0,0.0,0.0,0.0,0.0,0.0,0.0,0.0,0.0,0.0,2.2,1.6,B-Game
2018,1,bullor1,Randy Bullock,K,CIN,@IND,8.0,25,7.0,0.0,0.0,0.0,0.0,0.0,0.0,0.0,0.0,0.0,0.0,0.0,0.0,0.0,0.0,0.0,2.2,1.6,B-Game
2018,1,hopkid2,Dustin Hopkins,K,WAS,@ARI,6.6,11,6.9,0.0,0.0,0.0,0.0,0.0,0.0,0.0,0.0,0.0,0.0,0.0,0.0,0.0,0.0,0.0,2.2,1.6,B-Game
2018,1,butkeh1,Harrison Butker,K,KC,@LAC,5.9,4,6.9,0.0,0.0,0.0,0.0,0.0,0.0,0.0,0.0,0.0,0.0,0.0,0.0,0.0,0.0,0.0,2.3,1.5,B-Game
2018,1,sandej1,Jason Sanders,K,MIA,TEN,9.1,32,6.8,0.0,0.0,0.0,0.0,0.0,0.0,0.0,0.0,0.0,0.0,0.0,0.0,0.0,0.0,0.0,2.1,1.6,B-Game
2018,1,gouldr1,Robbie Gould,K,SF,@MIN,6.5,10,6.8,0.0,0.0,0.0,0.0,0.0,0.0,0.0,0.0,0.0,0.0,0.0,0.0,0.0,0.0,0.0,2.1,1.6,B-Game
2018,1,maherb1,Brett Maher,K,DAL,@CAR,7.2,15,6.7,0.0,0.0,0.0,0.0,0.0,0.0,0.0,0.0,0.0,0.0,0.0,0.0,0.0,0.0,0.0,2.1,1.5,B-Game
2018,1,nugenm1,Mike Nugent,K,OAK,LAR,6.0,6,6.6,0.0,0.0,0.0,0.0,0.0,0.0,0.0,0.0,0.0,0.0,0.0,0.0,0.0,0.0,0.0,2.5,1.4,B-Game
2018,1,janiks1,Sebastian Janikowski,K,SEA,@DEN,7.5,21,6.6,0.0,0.0,0.0,0.0,0.0,0.0,0.0,0.0,0.0,0.0,0.0,0.0,0.0,0.0,0.0,2.0,1.5,B-Game
2018,1,rosasa1,Aldrick Rosas,K,NYG,JAX,5.5,2,6.5,0.0,0.0,0.0,0.0,0.0,0.0,0.0,0.0,0.0,0.0,0.0,0.0,0.0,0.0,0.0,2.0,1.5,B-Game
2018,1,fairbk1,Ka'imi Fairbairn,K,HOU,@NE,6.1,7,6.5,0.0,0.0,0.0,0.0,0.0,0.0,0.0,0.0,0.0,0.0,0.0,0.0,0.0,0.0,0.0,2.2,1.4,B-Game
2018,1,gonzaz1,Zane Gonzalez,K,CLE,PIT,5.5,3,6.4,0.0,0.0,0.0,0.0,0.0,0.0,0.0,0.0,0.0,0.0,0.0,0.0,0.0,0.0,0.0,2.1,1.4,B-Game
2018,1,parkec1,Cody Parkey,K,CHI,@GB,8.2,26,6.4,0.0,0.0,0.0,0.0,0.0,0.0,0.0,0.0,0.0,0.0,0.0,0.0,0.0,0.0,0.0,2.0,1.4,B-Game
2018,1,myersj1,Jason Myers,K,NYJ,@DET,7.4,20,6.3,0.0,0.0,0.0,0.0,0.0,0.0,0.0,0.0,0.0,0.0,0.0,0.0,0.0,0.0,0.0,1.9,1.5,B-Game
2018,1,catanc1,Chandler Catanzaro,K,TB,@NO,6.5,9,6.3,0.0,0.0,0.0,0.0,0.0,0.0,0.0,0.0,0.0,0.0,0.0,0.0,0.0,0.0,0.0,2.1,1.4,B-Game
2018,1,hauscs1,Steven Hauschka,K,BUF,@BAL,7.7,24,6.2,0.0,0.0,0.0,0.0,0.0,0.0,0.0,0.0,0.0,0.0,0.0,0.0,0.0,0.0,0.0,1.7,1.5,B-Game
